source,orig_id,sequence,length,label,in_v3,v3_label,label_conflict
EnDM-CPP,Positive_1,RRRRRRRGGIYLATALAKWALKQGF,25,1,True,1,False
EnDM-CPP,Positive_2,IYLATALAKWALKQGFGGRRRRRRR,25,1,True,1,False
EnDM-CPP,Positive_3,RRRRRRRGGKLAKLAKKLAKLAK,23,1,True,1,False
EnDM-CPP,Positive_4,KKALLAHALHLLALLALHLAHALKKA,26,1,True,1,False
EnDM-CPP,Positive_5,GALFLGFLGAAGSTMGAWSQPKSKRKV,27,1,True,1,False
EnDM-CPP,Positive_6,KAFAKLAARLYRKALARQLGVAA,23,1,True,1,False
EnDM-CPP,Positive_7,GSRVQIRCRFRNSTR,15,1,True,1,False
EnDM-CPP,Positive_8,KLAKLAKKLAKLAKGRKKRRQRRRP,25,1,False,-1,False
EnDM-CPP,Positive_9,KLAKLAKKLAKLAKNYRWRCKNQN,24,1,True,1,False
EnDM-CPP,Positive_10,NHQQQNPHQPPMLLIILRRRIRKQAHAHSK,30,1,True,1,False
EnDM-CPP,Positive_11,CLLIILRRRIRKQAHAHSKNHQQQNPHQPPM,31,1,True,1,False
EnDM-CPP,Positive_12,YKALRISRKLAK,12,1,True,1,False
EnDM-CPP,Positive_13,EEEEEEEEEEPLGLAGVSRRRRRRGGRRRR,30,1,True,1,False
EnDM-CPP,Positive_14,HHHHHHESGGGGSPGRRRRRRRRRRR,26,1,True,1,False
EnDM-CPP,Positive_15,ARRRAARAARRRAARAARRRAARAARRRAARA,32,1,False,-1,False
EnDM-CPP,Positive_16,ARRARAARRARAARRARAARRARAARRARA,30,1,True,1,False
EnDM-CPP,Positive_17,AKKAKAAKKAKAAKKAKAAKKAKAAKKAKA,30,1,True,1,False
EnDM-CPP,Positive_18,RARARARARARARARARARARARARARARARA,32,1,True,1,False
EnDM-CPP,Positive_19,YTFGLKTSFNVQYTFGLKTSFNVQ,24,1,True,1,False
EnDM-CPP,Positive_20,RQIKIWFQNRRMKWKKRQIKIWFQNRRMKWK,31,1,True,1,False
EnDM-CPP,Positive_21,LSTAADMQGVVTDGMASGLDKDYLKPDD,28,1,True,1,False
EnDM-CPP,Positive_22,AGYLLGHINLHHLAHLHHILC,21,1,True,1,False
EnDM-CPP,Positive_23,AGYLLGKINLKKLAKLLLIL,20,1,True,1,False
EnDM-CPP,Positive_24,KWFKIQMQIRRWKNKR,16,1,True,1,False
EnDM-CPP,Positive_25,TAMRAVDKLLLHLKKLFREGQFNRNFESIIICRDRT,36,1,True,1,False
EnDM-CPP,Positive_26,HHHHHHHHHHHHHHHHHHHHRRRRRRRRRRRRRRR,35,1,True,1,False
EnDM-CPP,Positive_27,CIGAVLKVLTTGLPALISWIKRKRQQ,26,1,True,1,False
EnDM-CPP,Positive_28,GKKALKLAAKLLKKC,15,1,True,1,False
EnDM-CPP,Positive_29,RRRRRRRQIKILFQNRRMKWKKGGC,25,1,True,1,False
EnDM-CPP,Positive_30,GLFKALLKLLKSLWKLLLKAGGC,23,1,True,1,False
EnDM-CPP,Positive_31,KWFETWFTEWPKKRKGGC,18,1,True,1,False
EnDM-CPP,Positive_32,LIRLWSHLIHIWFQNRRLKWKKKGGC,26,1,True,1,False
EnDM-CPP,Positive_33,WEAKLAKALAKALAKHLAKALAKALKACEA,30,1,True,1,False
EnDM-CPP,Positive_34,CGGMVTVLFRRLRIRRASGPPRVRV,25,1,True,1,False
EnDM-CPP,Positive_35,PKKKRKVWKLLQQFFGLM,18,1,True,1,False
EnDM-CPP,Positive_36,GWTLNSAGYLLGKINLKALAALAKKIL,27,1,True,1,False
EnDM-CPP,Positive_37,CSSLDEPGRGGFSSESKV,18,1,True,1,False
EnDM-CPP,Positive_38,KCFQWQRNMRKVRGPPVSCIKR,22,1,True,1,False
EnDM-CPP,Positive_39,GRGDSPRRSPRR,12,1,True,1,False
EnDM-CPP,Positive_40,GRGDSPRRKKKKSPRRKKKKSPRR,24,1,True,1,False
EnDM-CPP,Positive_41,LLKLLKKLLKLLKKLLKLL,19,1,True,1,False
EnDM-CPP,Positive_42,FLKLLKKFLKLFKKLLKLF,19,1,True,1,False
EnDM-CPP,Positive_43,KALKLKLALALLAKLKLA,18,1,True,1,False
EnDM-CPP,Positive_44,RRWRRWWRRWWRRWRR,16,1,True,1,False
EnDM-CPP,Positive_45,IPLVVPLRRRRRRRRC,16,1,True,1,False
EnDM-CPP,Positive_46,KFLNRFWHWLQLKPGQPMY,19,1,True,1,False
EnDM-CPP,Positive_47,DAATARGRGRSAASRPTERPRAPARSASRPRRPVD,35,1,True,1,False
EnDM-CPP,Positive_48,LGTYTQDFNKFHTFPQTAIGVGAP,24,1,True,1,False
EnDM-CPP,Positive_49,KETWWETWWTEWSQPKKKRKV,21,1,True,1,False
EnDM-CPP,Positive_50,GLFRALLRLLRSLWRLLLRA,20,1,True,1,False
EnDM-CPP,Positive_51,YARVRRRGPRR,11,1,True,1,False
EnDM-CPP,Positive_52,CRQIKIWFQNRRMKWKKKLAKLAKKLAKLAK,31,1,True,1,False
EnDM-CPP,Positive_53,CRRLRHLRHHYRRRWHRFRC,20,1,True,1,False
EnDM-CPP,Positive_54,CLLYWFRRRHRHHRRRHRRC,20,1,True,1,False
EnDM-CPP,Positive_55,ISFDELLDYYGESGS,15,1,True,1,False
EnDM-CPP,Positive_56,ISFRRRRRRRRELLDYYSSSSSESGS,26,1,True,1,False
EnDM-CPP,Positive_57,PKKKRKVAGYLLGKINLKALAALAKKILPQMQQNVFQYPGAGMVPQGEANF,51,1,True,1,False
EnDM-CPP,Positive_58,PKKKRKVRRRRRRRYSQTSHKLVQLLTTAEQQ,32,1,True,1,False
EnDM-CPP,Positive_59,PKKKRKVRRRRRRRPQMQQNVFQYPGAGMVPQGEANF,37,1,True,1,False
EnDM-CPP,Positive_60,YGRKKRRQRRRDPYHATSGALSPAKDCGSQKYAYFNGCSSPTLSPMSP,48,1,True,1,False
EnDM-CPP,Positive_61,YGRKKRRQRRRAYFNGCSSPTAPLSPMSP,29,1,True,1,False
EnDM-CPP,Positive_62,CGGKDCERRFSRSDQLKRHQRRHTGVKPFQ,30,1,True,1,False
EnDM-CPP,Positive_63,GGGGRRRRRRRRRLLLL,17,1,True,1,False
EnDM-CPP,Positive_64,YARAAARQARAKALARQLGVAA,22,1,True,1,False
EnDM-CPP,Positive_65,RIMRILRILKLAR,13,1,True,1,False
EnDM-CPP,Positive_66,RKKRRQRRRGGGKLLKLLLKLLLKLLK,27,1,True,1,False
EnDM-CPP,Positive_67,GALFLAFLAAALSLMGLWSQPKKKRKV,27,1,False,-1,False
EnDM-CPP,Positive_68,KLFMALVAFLRFLTIPPTAGILKRWGTI,28,1,True,1,False
EnDM-CPP,Positive_69,LKRWGTIKKSKAINVLRGFRKEIGRMLNILNRRRR,35,1,True,1,False
EnDM-CPP,Positive_70,CELAGIGILTVRKKRRQRRR,20,1,True,1,False
EnDM-CPP,Positive_71,CELAGIGILTVKKKKKQKKK,20,1,True,1,False
EnDM-CPP,Positive_72,CREKAKKLFKKILKKL,16,1,True,1,False
EnDM-CPP,Positive_73,ACSGRGSGCGSGRGSCG,17,1,True,1,False
EnDM-CPP,Positive_74,ACRGSGRGCGRGSGRCG,17,1,True,1,False
EnDM-CPP,Positive_75,ACRGRGRGCGRGRGRCG,17,1,True,1,False
EnDM-CPP,Positive_76,ACRGRRRGCGRRRGRCG,17,1,True,1,False
EnDM-CPP,Positive_77,ACRRSRRGCGRRSRRCG,17,1,True,1,False
EnDM-CPP,Positive_78,ACRDRFRRCPADERLCG,17,1,True,1,False
EnDM-CPP,Positive_79,ACRGRGRGCGSGSRSCG,17,1,True,1,False
EnDM-CPP,Positive_80,ACRGRGRRCGSGRRSCG,17,1,True,1,False
EnDM-CPP,Positive_81,ARRRRCSGSGSGCGSGSGSCGRRRR,25,1,False,-1,False
EnDM-CPP,Positive_82,ARRRRCSDRFRNCPADEALCGRRRR,25,1,True,1,False
EnDM-CPP,Positive_83,ACSHSGHGCGHGSHSCGRRRRRRRR,25,1,True,1,False
EnDM-CPP,Positive_84,ACHGRRWGCGRHRGRCG,17,1,True,1,False
EnDM-CPP,Positive_85,HEHEHEHEHEHEHEHEHEHEHEHEEFGGGGGYGRGRGRGRGRGRG,45,1,True,1,False
EnDM-CPP,Positive_86,WELVVLGKLYGRKKRRQRRR,20,1,True,1,False
EnDM-CPP,Positive_87,GLKKLARLFHKLLKLGC,17,1,True,1,False
EnDM-CPP,Positive_88,RLRLRLRLRLRLRLRLKRLKRLKRLKRLKKKKKKKGYK,38,1,True,1,False
EnDM-CPP,Positive_89,RLRLRLRLRLRLRLRLKNNKNNKNNKNNKKKKKKKGYK,38,1,True,1,False
EnDM-CPP,Positive_90,GYGYGYGYGYGYGYGYKKRKKRKKRKKRKQQKQQKRRK,38,1,True,1,False
EnDM-CPP,Positive_91,ALALALALALALALALKIKKIKKIKKIKKLAKLAKKIK,38,1,True,1,False
EnDM-CPP,Positive_92,LALALALALALALALAKKLKKLKKLKKLKKLKKLKYAK,38,1,True,1,False
EnDM-CPP,Positive_93,IKIKIKIKIKIKIKIKKLAKLAKLAKLAKLAKLAKKIK,38,1,True,1,False
EnDM-CPP,Positive_94,LALALALALALALAKLAKLAKLAKLAKIKKIKKKIK,36,1,True,1,False
EnDM-CPP,Positive_95,LILILILILILILILIKRKKRKKRKKRKKRAKRAKHSK,38,1,True,1,False
EnDM-CPP,Positive_96,LKKLCKLLKKLCKLAG,16,1,True,1,False
EnDM-CPP,Positive_97,VTPHHVLVDEYTGEWVDSQFK,21,1,True,1,False
EnDM-CPP,Positive_98,HEHEHEHEHEPEGPLA,16,1,True,1,False
EnDM-CPP,Positive_99,RGRGRGRGRGPEGPLA,16,1,True,1,False
EnDM-CPP,Positive_100,MPEGPLAHEHEHEHEHE,17,1,False,-1,False
EnDM-CPP,Positive_101,MPEGPLARGRGRGRGRG,17,1,False,-1,False
EnDM-CPP,Positive_102,GGVCPKILKKCRRDSDCPGACICRGNGYCGSGSD,34,1,True,1,False
EnDM-CPP,Positive_103,GRCTKSIPPICFPD,14,1,True,1,False
EnDM-CPP,Positive_104,GRCTRSIPPKCWPD,14,1,True,1,False
EnDM-CPP,Positive_105,WEARLARALARALARHLARALARALRACEA,30,1,True,1,False
EnDM-CPP,Positive_106,HSDAVFTDNYTALRKQMAVKKYLNSILNYGRKKRRQRRR,39,1,True,1,False
EnDM-CPP,Positive_107,KSTGKANKITITNDKGRLSK,20,1,True,1,False
EnDM-CPP,Positive_108,KWCFRVCYRGICYRRCRGK,19,1,True,1,False
EnDM-CPP,Positive_109,KWSFRVSYRGISYRRSRGK,19,1,True,1,False
EnDM-CPP,Positive_110,KWFRVYRGIYRRRGK,15,1,True,1,False
EnDM-CPP,Positive_111,KWCFAVCYAGICYAACAGK,19,1,True,1,False
EnDM-CPP,Positive_112,CTSTTAKRKKRKLK,14,1,True,1,False
EnDM-CPP,Positive_113,HILPWKWPWWPWRR,14,1,True,1,False
EnDM-CPP,Positive_114,MRRIRPRPPRLPRPRPRPLPFPRPGGCYPG,30,1,True,1,False
EnDM-CPP,Positive_115,RGGRLSYSRRRFSTSTGRA,19,1,True,1,False
EnDM-CPP,Positive_116,YGDCLPHLKLCKENKDCCSKKCKRRGTNIEKRCR,34,1,True,1,False
EnDM-CPP,Positive_117,KHKHKHKHKHKHKHKHKHKKLFKKILKYL,29,1,True,1,False
EnDM-CPP,Positive_118,RRRQRRKKRGYCKCKYGRKKRRQRRR,26,1,True,1,False
EnDM-CPP,Positive_119,RQIKIQFQNRRKWKK,15,1,True,1,False
EnDM-CPP,Positive_120,APWHLSSQYSRT,12,1,True,1,False
EnDM-CPP,Positive_121,GNYAHRVGAGAPVWL,15,1,True,1,False
EnDM-CPP,Positive_122,TVDNPASTTNKDKLFAVRK,19,1,True,1,False
EnDM-CPP,Positive_123,KIAKLKAKIQKLKQKIAKLK,20,1,True,1,False
EnDM-CPP,Positive_124,GGAYVTRSSAVRLRSSVPGVRLLQ,24,1,True,1,False
EnDM-CPP,Positive_125,LLIILRRRIRRRARARSR,18,1,True,1,False
EnDM-CPP,Positive_126,LLHILRRSIRKQAHAIRK,18,1,True,1,False
EnDM-CPP,Positive_127,LLRILRRSIRRARRAIRR,18,1,True,1,False
EnDM-CPP,Positive_128,LLRHLRRHIRRARRHIRR,18,1,True,1,False
EnDM-CPP,Positive_129,MAMPGEPRRANVMAHKLEPASLQLRNSCA,29,1,True,1,False
EnDM-CPP,Positive_130,MAPQRDTVGGRTTPPSWGPAKAQLRNSCA,29,1,True,1,False
EnDM-CPP,Positive_131,CGRKKRWWRQRWWRWWRPPQ,20,1,True,1,False
EnDM-CPP,Positive_132,CGRKKRAARQRAARAARPPQ,20,1,True,1,False
EnDM-CPP,Positive_133,CGRKKRLLRQRLLRLLRPPQ,20,1,True,1,False
EnDM-CPP,Positive_134,YKQCHKKGGHCFPKEKICLPPSSDFGKMDCRWRWKCCKKGSG,42,1,True,1,False
EnDM-CPP,Positive_135,LIKKALAALAKLNI,14,1,True,1,False
EnDM-CPP,Positive_136,CRKARYRGRKRQR,13,1,True,1,False
EnDM-CPP,Positive_137,CAYGGQQGGQGGG,13,1,True,1,False
EnDM-CPP,Positive_138,RQIRIWFQNRRMRWRRC,17,1,True,1,False
EnDM-CPP,Positive_139,RRRRRRRRRGPGVTWTPQAWFQWV,24,1,True,1,False
EnDM-CPP,Positive_140,HEHEHEHEHEHEHEHEHEHEGGGGGKLALKLALKALKAALKLA,43,1,True,1,False
EnDM-CPP,Positive_141,GKRKKKGKGLGKKRDPCLRKYK,22,1,True,1,False
EnDM-CPP,Positive_142,FFLIPKGRRRRRRRRGC,17,1,True,1,False
EnDM-CPP,Positive_143,FFFFFFGRRRRRRRRGC,17,1,True,1,False
EnDM-CPP,Positive_144,CGNVVRQGCGYGRKKRRQRRRGTALDWSWLQTE,33,1,True,1,False
EnDM-CPP,Positive_145,CHHHHHRRRRRRRRRHHHHHC,21,1,True,1,False
EnDM-CPP,Positive_146,GLWWKAWWKAWWKSLWWRKRKRKA,24,1,True,1,False
EnDM-CPP,Positive_147,WWWWRRRRRRRR,12,1,True,1,False
EnDM-CPP,Positive_148,RRRRWWWWRRRR,12,1,True,1,False
EnDM-CPP,Positive_149,RWRRWRRWRRWR,12,1,True,1,False
EnDM-CPP,Positive_150,DSLKSYWYLQKFSWR,15,1,True,1,False
EnDM-CPP,Positive_151,KLWMRWWSPTTRRYG,15,1,True,1,False
EnDM-CPP,Positive_152,RLWMRWYSPWTRRWG,15,1,True,1,False
EnDM-CPP,Positive_153,RLIMRIYAPTTRRYG,15,1,True,1,False
EnDM-CPP,Positive_154,RLYMRYYSPTTRRYG,15,1,True,1,False
EnDM-CPP,Positive_155,KRPTMRFRYTWNPMK,15,1,True,1,False
EnDM-CPP,Positive_156,WKCRRQCFRVLHHWN,15,1,True,1,False
EnDM-CPP,Positive_157,RLLRLLLRLWRRLLRLLR,18,1,True,1,False
EnDM-CPP,Positive_158,GIGKFLHSAKKFGKAFVGEIMNSGGKKWKMRRNQFWVKVQRG,42,1,True,1,False
EnDM-CPP,Positive_159,RLLRLLRRLLRLLRRLLRC,19,1,True,1,False
EnDM-CPP,Positive_160,RGDRGDRRDLRLDRGDLRC,19,1,True,1,False
EnDM-CPP,Positive_161,RGERGERRELRLERGELRC,19,1,True,1,False
EnDM-CPP,Positive_162,GGGRRRRRRYGRKKRRQRR,19,1,True,1,False
EnDM-CPP,Positive_163,YKQSHKKGGKKGSG,14,1,True,1,False
EnDM-CPP,Positive_164,YRQSHRRGGRRGSG,14,1,True,1,False
EnDM-CPP,Positive_165,EARPALLTSRLRFIPK,16,1,True,1,False
EnDM-CPP,Positive_166,GRKKRRQRRRMVSAL,15,1,True,1,False
EnDM-CPP,Positive_167,TPWWRLWTKWHHKRRDLPRKPEGC,24,1,True,1,False
EnDM-CPP,Positive_168,YSSYSAPVSSSLSVRRSYSSSSGS,24,1,True,1,False
EnDM-CPP,Positive_169,CSIPPEVKFNKPFVYLI,17,1,True,1,False
EnDM-CPP,Positive_170,RKLTTIFPLNWKYRKALSLG,20,1,True,1,False
EnDM-CPP,Positive_171,DITYRFRGPDWL,12,1,True,1,False
EnDM-CPP,Positive_172,KHHWHHVRLPPPVRLPPPGNHHHHHH,26,1,True,1,False
EnDM-CPP,Positive_173,KKWALLALALHHLAHLALHLALALKKAHHHHHH,33,1,False,-1,False
EnDM-CPP,Positive_174,RKKRRRESWVHLPPPVHLPPPGGHHHHHH,29,1,True,1,False
EnDM-CPP,Positive_175,FFKKLALHALHLLALLWLHLAHLALKK,27,1,True,1,False
EnDM-CPP,Positive_176,KHKLLHLLHLLALLWLHLLHLLKHK,25,1,True,1,False
EnDM-CPP,Positive_177,CASGQQGLLKLC,12,1,True,1,False
EnDM-CPP,Positive_178,VKRFKKFFRKLKKSV,15,1,True,1,False
EnDM-CPP,Positive_179,KKKKKKNKKLQQRGD,15,1,True,1,False
EnDM-CPP,Positive_180,RGDGPRRRPRKRRGR,15,1,True,1,False
EnDM-CPP,Positive_181,RRRQKRIVVRRRLIR,15,1,True,1,False
EnDM-CPP,Positive_182,RRVWRRYRRQRWCRR,15,1,True,1,False
EnDM-CPP,Positive_183,RRARRPRRLRPAPGR,15,1,True,1,False
EnDM-CPP,Positive_184,LLRARWRRRRSRRFR,15,1,True,1,False
EnDM-CPP,Positive_185,RGPRRQPRRHRRPRR,15,1,True,1,False
EnDM-CPP,Positive_186,RRWRRWNRFNRRRCR,15,1,True,1,False
EnDM-CPP,Positive_187,HSDGIFTDSYSRYRKQMAVKKYLAAVLGKRYKQRVKNK,38,1,True,1,False
EnDM-CPP,Positive_188,MAARLCCQLDPARDVLCLRP,20,1,True,1,False
EnDM-CPP,Positive_189,YGRKKRRQRRRGLFGAIAGFIENGWEGMIDGWYG,34,1,True,1,False
EnDM-CPP,Positive_190,RHHRRHHRRHRRHHRRHHRHHR,22,1,True,1,False
EnDM-CPP,Positive_191,RHHLRHLRRHLRHLLRHLRHHLRHLRRHLRHLL,33,1,True,1,False
EnDM-CPP,Positive_192,RLHHRLHRRLHRLHRRLHRLHHRLHRRLH,29,1,True,1,False
EnDM-CPP,Positive_193,LHHLLHHLLHLLHHLLHHLHHL,22,1,True,1,False
EnDM-CPP,Positive_194,RLHLRLHLRHLRHHLRLH,18,1,True,1,False
EnDM-CPP,Positive_195,AEAEAEAEAKAKAKAKAGGGHRRRRRRR,28,1,True,1,False
EnDM-CPP,Positive_196,RFTFHFRFEFTFHFEGGGRRRRRRR,25,1,True,1,False
EnDM-CPP,Positive_197,FQFNFQFNGGGHRRRRRRR,19,1,True,1,False
EnDM-CPP,Positive_198,RHNFRFFFNFRTNR,14,1,True,1,False
EnDM-CPP,Positive_199,KLLKLLLKLWKKLLKLLKGGGRRRRRRR,28,1,True,1,False
EnDM-CPP,Positive_200,HRLRHALAHLLHKLKHLLHALAHRLRH,27,1,True,1,False
EnDM-CPP,Positive_201,HALAHKLKHLLHRLRHLLHRHLRHALAH,28,1,True,1,False
EnDM-CPP,Positive_202,LAELLAELLAELGGGGRRRRRRRRR,25,1,True,1,False
EnDM-CPP,Positive_203,ACSSSPSKHCGGGGRRRRRRRRR,23,1,True,1,False
EnDM-CPP,Positive_204,RLALRLALRALRAALRLA,18,1,True,1,False
EnDM-CPP,Positive_205,CGGGARKKAAKAARKKAAKAARKKAAKAARKKAAKA,36,1,True,1,False
EnDM-CPP,Positive_206,GGGGRRWWRRWRR,13,1,True,1,False
EnDM-CPP,Positive_207,FITKALGISYGRKKRRQRRRPPQ,23,1,True,1,False
EnDM-CPP,Positive_208,GWTLNSAGYLLGKFLPLILRKIVTAL,26,1,True,1,False
EnDM-CPP,Positive_209,GWTLNSAGYLLGPHAVGNHRSFSDKNGLTS,30,1,True,1,False
EnDM-CPP,Positive_210,KLALKAAAKAWKAAAKAA,18,1,True,1,False
EnDM-CPP,Positive_211,KITLKLAIKAWKLALKAA,18,1,True,1,False
EnDM-CPP,Positive_212,KIAAKSIAKIWKSILKIA,18,1,True,1,False
EnDM-CPP,Positive_213,KLALKLALKWAKLALKAA,18,1,True,1,False
EnDM-CPP,Positive_214,KLLAKAAKKWLLLALKAA,18,1,True,1,False
EnDM-CPP,Positive_215,KALKKLLAKWLAAAKALL,18,1,True,1,False
EnDM-CPP,Positive_216,KLAAALLKKWKKLAAALL,18,1,True,1,False
EnDM-CPP,Positive_217,KALAALLKKWAKLLAALK,18,1,True,1,False
EnDM-CPP,Positive_218,KLGLKLGLKGLKGGLKLG,18,1,True,1,False
EnDM-CPP,Positive_219,KLALQLALQALQAALQLA,18,1,True,1,False
EnDM-CPP,Positive_220,ELALELALEALEAALELA,18,1,True,1,False
EnDM-CPP,Positive_221,LKTLATALTKLAKTLTTL,18,1,True,1,False
EnDM-CPP,Positive_222,LLKTTALLKTTALLKTTA,18,1,True,1,False
EnDM-CPP,Positive_223,LKTLTETLKELTKTLTEL,18,1,True,1,False
EnDM-CPP,Positive_224,LLKTTELLKTTELLKTTE,18,1,True,1,False
EnDM-CPP,Positive_225,RQPKIWFPNRRKPWKK,16,1,True,1,False
EnDM-CPP,Positive_226,KCGCRWRWKCGCKK,14,1,True,1,False
EnDM-CPP,Positive_227,KMDSRWRWKSSKK,13,1,True,1,False
EnDM-CPP,Positive_228,KMDCRPRPKCCKK,13,1,True,1,False
EnDM-CPP,Positive_229,GRPRESGKKRKRKRLKP,17,1,True,1,False
EnDM-CPP,Positive_230,RKKRRRESRRARRSPRHL,18,1,True,1,False
EnDM-CPP,Positive_231,SRRARRSPRESGKKRKRKR,19,1,True,1,False
EnDM-CPP,Positive_232,VKRGLKLRHVRPRVTRMDV,19,1,True,1,False
EnDM-CPP,Positive_233,SRRARRSPRHLGSG,14,1,True,1,False
EnDM-CPP,Positive_234,AYRIKPTFRRLKWKYKGKFW,20,1,True,1,False
EnDM-CPP,Positive_235,VNADIKATTVFGGKYVSLTTP,21,1,True,1,False
EnDM-CPP,Positive_236,GKYVSLTTPKNPTKRRITPKDV,22,1,True,1,False
EnDM-CPP,Positive_237,RSVTTEINTLFQTLTSIAEKVDP,23,1,True,1,False
EnDM-CPP,Positive_238,AEKVDPVKLNLTLSAAAEALTGLGDK,26,1,True,1,False
EnDM-CPP,Positive_239,GLGDKFGESIVNANTVLDDLNSRMPQSRHDIQQL,34,1,True,1,False
EnDM-CPP,Positive_240,GDVYADAAPDLFDFLDSSVTTARTINA,27,1,True,1,False
EnDM-CPP,Positive_241,ARTINAQQAELDSALLAAAGFGNTTADVFDRG,32,1,True,1,False
EnDM-CPP,Positive_242,ADVFDRGGPYLQRGVADLVPTATLLDTYSP,30,1,True,1,False
EnDM-CPP,Positive_243,LDTYSPELFCTIRNFYDADRPDRGAAA,27,1,True,1,False
EnDM-CPP,Positive_244,HHHHHHTKRRITPKDVIDVRSVTTEINT,28,1,True,1,False
EnDM-CPP,Positive_245,RTLVNEYKNTLKFSK,15,1,True,1,False
EnDM-CPP,Positive_246,IPSRWKDQFWKRWHY,15,1,True,1,False
EnDM-CPP,Positive_247,GYGNCRHFKQKPRRD,15,1,True,1,False
EnDM-CPP,Positive_248,KNAWKHSSCHHRHQI,15,1,True,1,False
EnDM-CPP,Positive_249,RVREWWYTITLKQES,15,1,True,1,False
EnDM-CPP,Positive_250,QQHLLIAINGYPRYN,15,1,True,1,False
EnDM-CPP,Positive_251,RLWMRWYSPTTARYG,15,1,True,1,False
EnDM-CPP,Positive_252,KSHAHAQKRIRRRLIILL,18,1,True,1,False
EnDM-CPP,Positive_253,RQGAARVTSWLGRQLRIAGKRLEGRSK,27,1,True,1,False
EnDM-CPP,Positive_254,GRQLRRAGRRLRGRSR,16,1,True,1,False
EnDM-CPP,Positive_255,GRQLRIAGRRLRRRSR,16,1,True,1,False
EnDM-CPP,Positive_256,KLIKGRTPIKFGKADCDRPPKHSQNGMGK,29,1,False,-1,False
EnDM-CPP,Positive_257,KRIPNKKPGKKTTTKPTKKPTIKTTKKDLKPQTTKPK,37,1,True,1,False
EnDM-CPP,Positive_258,KSICKTIPSNKPKKK,15,1,True,1,False
EnDM-CPP,Positive_259,KPRSKNPPKKPK,12,1,True,1,False
EnDM-CPP,Positive_260,DRDDRDDRDDRDDRDDR,17,1,True,1,False
EnDM-CPP,Positive_261,ERERERERERERER,14,1,True,1,False
EnDM-CPP,Positive_262,WRWRWRWRWRWRWR,14,1,True,1,False
EnDM-CPP,Positive_263,DRRRRGSRPSGAERRRRRAAAA,22,1,True,1,False
EnDM-CPP,Positive_264,TRRSKRRSHRKF,12,1,True,1,False
EnDM-CPP,Positive_265,FVTRGCPRRLVARLIRVMVPRR,22,1,True,1,False
EnDM-CPP,Positive_266,RVRILARFLRTRV,13,1,True,1,False
EnDM-CPP,Positive_267,VIRVHFRLPVRTV,13,1,True,1,False
EnDM-CPP,Positive_268,MVRRFLVTLRIRRACGPPRVRVFVVHIPRLTGEWAAP,37,1,True,1,False
EnDM-CPP,Positive_269,FRVPLRIRPCVVAPRLVMVRHTFGRIARWVAGPLETR,37,1,True,1,False
EnDM-CPP,Positive_270,GTKMIFVGIKKKEERADLIAYLKKA,25,1,True,1,False
EnDM-CPP,Positive_271,RRRRNRTRRNRRRVRGC,17,1,True,1,False
EnDM-CPP,Positive_272,TRRQRTRRARRNRGC,15,1,True,1,False
EnDM-CPP,Positive_273,KMTRAQRRAAARRNRWTARGC,21,1,True,1,False
EnDM-CPP,Positive_274,KLTRAQRRAAARKNKRNTRGC,21,1,True,1,False
EnDM-CPP,Positive_275,NAKTRRHERRRKLAIERGC,19,1,True,1,False
EnDM-CPP,Positive_276,MDAQTRRRERRAEKQAQWKAANGC,24,1,True,1,False
EnDM-CPP,Positive_277,TAKTRYKARRAELIAERRGC,20,1,True,1,False
EnDM-CPP,Positive_278,KRRIRRERNKMAAAKSRNRRRELTDTGC,28,1,True,1,False
EnDM-CPP,Positive_279,RIKAERKRMRNRIAASKSRKRKLERIARGC,30,1,True,1,False
EnDM-CPP,Positive_280,KRARNTEAARRSRARKLQRMKQGC,24,1,True,1,False
EnDM-CPP,Positive_281,KCFMWQEMLNKAGVPKLRCARK,22,1,True,1,False
EnDM-CPP,Positive_282,GLWWRLWWRLRSWFRLWFRA,20,1,True,1,False
EnDM-CPP,Positive_283,AKVKDEPQRRSARLSAKPAPPKPEPKPKKAPAKK,34,1,True,1,False
EnDM-CPP,Positive_284,PLSSIFSRIGDP,12,1,True,1,False
EnDM-CPP,Positive_285,PSSSSSSRIGDP,12,1,True,1,False
EnDM-CPP,Positive_286,VELPPPVELPPPVELPPP,18,1,True,1,False
EnDM-CPP,Positive_287,ALWMTLLKKVLKAAAKAALNAVLVGANA,28,1,True,1,False
EnDM-CPP,Positive_288,ALWKTLLKKVLKAPKKKRKV,20,1,True,1,False
EnDM-CPP,Positive_289,PKKKRKVALWKTLLKKVLKA,20,1,True,1,False
EnDM-CPP,Positive_290,RQARRNRRRALWKTLLKKVLKA,22,1,True,1,False
EnDM-CPP,Positive_291,EEEAAGRKRKKRT,13,1,True,1,False
EnDM-CPP,Positive_292,FFFAAGRKRKKRT,13,1,True,1,False
EnDM-CPP,Positive_293,NNNAAGRKRKKRT,13,1,True,1,False
EnDM-CPP,Positive_294,YYYAAGRKRKKRT,13,1,True,1,False
EnDM-CPP,Positive_295,GKKKKRKREKL,11,1,True,1,False
EnDM-CPP,Positive_296,FLGKKFKKYFLQLLK,15,1,True,1,False
EnDM-CPP,Positive_297,FLIFIRVICIVIAKLKANLMCKT,23,1,True,1,False
EnDM-CPP,Positive_298,KKAAQIRSQVMTHLRVI,17,1,True,1,False
EnDM-CPP,Positive_299,YIVLRRRRKRVNTKRS,16,1,True,1,False
EnDM-CPP,Positive_300,RRKLSQQKEKK,11,1,True,1,False
EnDM-CPP,Positive_301,VQAILRRNWNQYKIQ,15,1,True,1,False
EnDM-CPP,Positive_302,KTVLLRKLLKLLVRKI,16,1,True,1,False
EnDM-CPP,Positive_303,LLKKRKVVRLIKFLLK,16,1,True,1,False
EnDM-CPP,Positive_304,KLPCRSNTFLNIFRRKKPG,19,1,True,1,False
EnDM-CPP,Positive_305,KKICTRKPRFMSAWAQ,16,1,True,1,False
EnDM-CPP,Positive_306,RGGRLAYLRRRWAVLGR,17,1,True,1,False
EnDM-CPP,Positive_307,MANLGYWLLALFVTMWTDVGLCKKRPKP,28,1,True,1,False
EnDM-CPP,Positive_308,MANLGCWMLVLFVATWSDLGLCKKRPKP,28,1,True,1,False
EnDM-CPP,Positive_309,MVKSKIGSWILVLFVAMWSDVGLCKKRPKP,30,1,True,1,False
EnDM-CPP,Positive_310,LLGDFFRKSKEKIGKEFKRIVQRIKDFLRNLVPRTESC,38,1,True,1,False
EnDM-CPP,Positive_311,RVIRVWFQNKRCKDKK,16,1,True,1,False
EnDM-CPP,Positive_312,SKRTRQTYTRYQTLELEKEFHFNRYITRRRRIDIANALSLSERQIKIWFQNRRMKSKKDR,60,1,False,-1,False
EnDM-CPP,Positive_313,EKRPRTAFSSEQLARLKREFNENRYLTTERRRQQLSSELGLNEAQIKIWFQNKRAKIKKST,61,1,True,1,False
EnDM-CPP,Positive_314,GRRRRRRRRRPPQ,13,1,True,1,False
EnDM-CPP,Positive_315,TSPLNIHNGQKL,12,1,True,1,False
EnDM-CPP,Positive_316,GLLEALAELLEGLRKRLRKFRNKIKEK,27,1,True,1,False
EnDM-CPP,Positive_317,CVQWSLLRGYQPC,13,1,True,1,False
EnDM-CPP,Positive_318,VRLPPPVRLPPPVRLPPP,18,1,True,1,False
EnDM-CPP,Positive_319,VHLPPPVHLPPPVHLPPP,18,1,True,1,False
EnDM-CPP,Positive_320,VKLPPPVKLPPPVKLPPP,18,1,True,1,False
EnDM-CPP,Positive_321,ASMWERVKSIIKSSLAAASNI,21,1,True,1,False
EnDM-CPP,Positive_322,DPKGDPKGVTVTVTVTVTGKGDPKPD,26,1,True,1,False
EnDM-CPP,Positive_323,GSGKKGGKKHCQKY,14,1,True,1,False
EnDM-CPP,Positive_324,IAWVKAFIRKLRKGPLG,17,1,True,1,False
EnDM-CPP,Positive_325,KKKKKKGGFLGFWRGENGRKTRSAYERMCILKGK,34,1,True,1,False
EnDM-CPP,Positive_326,RLSGMNEVLSFRWL,14,1,True,1,False
EnDM-CPP,Positive_327,GPFHFYQFLFPPV,13,1,True,1,False
EnDM-CPP,Positive_328,GSPWGLQHHPPRT,13,1,True,1,False
EnDM-CPP,Positive_329,AAVALLPAVLLALLAPEILLPNNYNAYESYKYPGMFIALSK,41,1,True,1,False
EnDM-CPP,Positive_330,AAVALLPAVLLALLAPVQRKRQKLMP,26,1,False,-1,False
EnDM-CPP,Positive_331,MGLGLHLLVLAAALQGAWSQPKKKRKV,27,1,True,1,False
EnDM-CPP,Positive_332,WEAALAEALAEALAEHLAEALAEALEALAA,30,1,True,1,False
EnDM-CPP,Positive_333,GLFEALLELLESLWELLLEA,20,1,True,1,False
EnDM-CPP,Positive_334,CGAYDLRRRERQSRLRRRERQSR,23,1,True,1,False
EnDM-CPP,Positive_335,RKKRRRESRKKRRRESC,17,1,True,1,False
EnDM-CPP,Positive_336,PPKKSAQCLRYKKPE,15,1,True,1,False
EnDM-CPP,Positive_337,DPVDTPNPTRRKPGK,15,1,True,1,False
EnDM-CPP,Positive_338,KRVSRNKSEKKRR,13,1,True,1,False
EnDM-CPP,Positive_339,GRRHHCRSKAKRSRHH,16,1,True,1,False
EnDM-CPP,Positive_340,GRKGKHKRKKLP,12,1,True,1,False
EnDM-CPP,Positive_341,GKRVAKRKLIEQNRERRR,18,1,True,1,False
EnDM-CPP,Positive_342,GRKLKKKKNEKEDKRPRT,18,1,True,1,False
EnDM-CPP,Positive_343,GKKTNLFSALIKKKKTA,17,1,True,1,False
EnDM-CPP,Positive_344,GKRRRRATAKYRSAH,15,1,True,1,False
EnDM-CPP,Positive_345,GRRRRKRLSHRT,12,1,True,1,False
EnDM-CPP,Positive_346,GKHRHERGHHRDRRER,16,1,True,1,False
EnDM-CPP,Positive_347,GKKKRKLSNRESAKRSR,17,1,True,1,False
EnDM-CPP,Positive_348,MIIYRDLISKK,11,1,True,1,False
EnDM-CPP,Positive_349,MIIYRALISHKK,12,1,True,1,False
EnDM-CPP,Positive_350,MIIYRIAASHKK,12,1,True,1,False
EnDM-CPP,Positive_351,MIIFRAAASHKK,12,1,True,1,False
EnDM-CPP,Positive_352,MIIFRIAAYHKK,12,1,True,1,False
EnDM-CPP,Positive_353,WIIFKIAASHKK,12,1,True,1,False
EnDM-CPP,Positive_354,LIIFRILISHKK,12,1,True,1,False
EnDM-CPP,Positive_355,RILQQLLFIHFRIGCRHSRI,20,1,True,1,False
EnDM-CPP,Positive_356,DTWAGVEAIIRILQQLLFIHFR,22,1,True,1,False
EnDM-CPP,Positive_357,GYGRKKRRGRRRTHRLPRRRRRR,23,1,True,1,False
EnDM-CPP,Positive_358,KRIIQRILSRNS,12,1,True,1,False
EnDM-CPP,Positive_359,KRIHPRLTRSIR,12,1,True,1,False
EnDM-CPP,Positive_360,PPRLRKRRQLNM,12,1,True,1,False
EnDM-CPP,Positive_361,PIRRRKKLRRLK,12,1,True,1,False
EnDM-CPP,Positive_362,RRQRRTSKLMKR,12,1,True,1,False
EnDM-CPP,Positive_363,MHKRPTTPSRKM,12,1,True,1,False
EnDM-CPP,Positive_364,RQRSRRRPLNIR,12,1,True,1,False
EnDM-CPP,Positive_365,RIRMIQNLIKKT,12,1,True,1,False
EnDM-CPP,Positive_366,SRRKRQRSNMRI,12,1,True,1,False
EnDM-CPP,Positive_367,QRIRKSKISRTL,12,1,True,1,False
EnDM-CPP,Positive_368,PSKRLLHNNLRR,12,1,True,1,False
EnDM-CPP,Positive_369,HRHIRRQSLIML,12,1,True,1,False
EnDM-CPP,Positive_370,PQNRLQIRRHSK,12,1,True,1,False
EnDM-CPP,Positive_371,PPHNRIQRRLNM,12,1,True,1,False
EnDM-CPP,Positive_372,SMLKRNHSTSNR,12,1,True,1,False
EnDM-CPP,Positive_373,GSRHPSLIIPRQ,12,1,True,1,False
EnDM-CPP,Positive_374,SPMQKTMNLPPM,12,1,True,1,False
EnDM-CPP,Positive_375,NKRILIRIMTRP,12,1,True,1,False
EnDM-CPP,Positive_376,HGWIHGLLHRA,11,1,True,1,False
EnDM-CPP,Positive_377,PNTRVRPDVSF,11,1,True,1,False
EnDM-CPP,Positive_378,LTRNYEAWVPTP,12,1,True,1,False
EnDM-CPP,Positive_379,SAETVESCLAKSH,13,1,True,1,False
EnDM-CPP,Positive_380,YSHIATLPFTPT,12,1,True,1,False
EnDM-CPP,Positive_381,SYIQRTPSTTLP,12,1,True,1,False
EnDM-CPP,Positive_382,AVPAENALNNPF,12,1,True,1,False
EnDM-CPP,Positive_383,SFHQFARATLAS,12,1,True,1,False
EnDM-CPP,Positive_384,QSPTDFTFPNPL,12,1,True,1,False
EnDM-CPP,Positive_385,HFAAWGGWSLVH,12,1,True,1,False
EnDM-CPP,Positive_386,HIQLSPFSQSWR,12,1,True,1,False
EnDM-CPP,Positive_387,LTMPSDLQPVLW,12,1,True,1,False
EnDM-CPP,Positive_388,FQPYDHPAEVSY,12,1,True,1,False
EnDM-CPP,Positive_389,FDPFFWKYSPRD,12,1,True,1,False
EnDM-CPP,Positive_390,FAPWDTASFMLG,12,1,True,1,False
EnDM-CPP,Positive_391,FTYKNFFWLPEL,12,1,True,1,False
EnDM-CPP,Positive_392,SATGAPWKMWVR,12,1,True,1,False
EnDM-CPP,Positive_393,SLGWMLPFSPPF,12,1,True,1,False
EnDM-CPP,Positive_394,SHAFTWPTYLQL,12,1,True,1,False
EnDM-CPP,Positive_395,SHNWLPLWPLRP,12,1,True,1,False
EnDM-CPP,Positive_396,SWLPYPWHVPSS,12,1,True,1,False
EnDM-CPP,Positive_397,SWWTPWHVHSES,12,1,True,1,False
EnDM-CPP,Positive_398,SWAQHLSLPPVL,12,1,True,1,False
EnDM-CPP,Positive_399,SSSIFPPWLSFF,12,1,True,1,False
EnDM-CPP,Positive_400,LNVPPSWFLSQR,12,1,True,1,False
EnDM-CPP,Positive_401,LDITPFLSLTLP,12,1,True,1,False
EnDM-CPP,Positive_402,LPHPVLHMGPLR,12,1,True,1,False
EnDM-CPP,Positive_403,VSKQPYYMWNGN,12,1,True,1,False
EnDM-CPP,Positive_404,NYTTYKSHFQDR,12,1,True,1,False
EnDM-CPP,Positive_405,AIPNNQLGFPFK,12,1,True,1,False
EnDM-CPP,Positive_406,NIENSTLATPLS,12,1,True,1,False
EnDM-CPP,Positive_407,YPYDANHTRSPT,12,1,True,1,False
EnDM-CPP,Positive_408,DPATNPGPHFPR,12,1,True,1,False
EnDM-CPP,Positive_409,TLPSPLALLTVH,12,1,True,1,False
EnDM-CPP,Positive_410,HPGSPFPPEHRP,12,1,True,1,False
EnDM-CPP,Positive_411,TSHTDAPPARSP,12,1,True,1,False
EnDM-CPP,Positive_412,MTPSSLSTLPWP,12,1,True,1,False
EnDM-CPP,Positive_413,VLGQSGYLMPMR,12,1,True,1,False
EnDM-CPP,Positive_414,QPIIITSPYLPS,12,1,True,1,False
EnDM-CPP,Positive_415,TPKTMTQTYDFS,12,1,True,1,False
EnDM-CPP,Positive_416,NSGTMQSASRAT,12,1,True,1,False
EnDM-CPP,Positive_417,QAASRVENYMHR,12,1,True,1,False
EnDM-CPP,Positive_418,HQHKPPPLTNNW,12,1,True,1,False
EnDM-CPP,Positive_419,SNPWDSLLSVST,12,1,True,1,False
EnDM-CPP,Positive_420,KTIEAHPPYYAS,12,1,True,1,False
EnDM-CPP,Positive_421,EPDNWSLDFPRR,12,1,True,1,False
EnDM-CPP,Positive_422,GLWRALWRALWRSLWKLKRKV,21,1,True,1,False
EnDM-CPP,Positive_423,GLWRALWRLLRSLWRLLWSQPKKKRKV,27,1,True,1,False
EnDM-CPP,Positive_424,YAREARRAARR,11,1,True,1,False
EnDM-CPP,Positive_425,YGRRARRRARR,11,1,True,1,False
EnDM-CPP,Positive_426,GRKKRRQRRRPPQGRKKRRQRRRPPQGRKKRRQRRRPPQ,39,1,True,1,False
EnDM-CPP,Positive_427,GEQIAQLIAGYIDIILKKKKSK,22,1,True,1,False
EnDM-CPP,Positive_428,AAVALLPAVLLALLAPRKKRRQRRRPPQC,29,1,False,-1,False
EnDM-CPP,Positive_429,RKKRRQRRRPPQCAAVALLPAVLLALLAP,29,1,True,1,False
EnDM-CPP,Positive_430,RRRQRRKRGGDIMGEWGNEIFGAIAGFLG,29,1,True,1,False
EnDM-CPP,Positive_431,RLWRALPRVLRRLLRP,16,1,True,1,False
EnDM-CPP,Positive_432,AAVALLPAVLLALLAPSGASGLDKRDYV,28,1,True,1,False
EnDM-CPP,Positive_433,LLETLLKPFQCRICMRNFSTRQARRNHRRRHRR,33,1,True,1,False
EnDM-CPP,Positive_434,RQIKIWFQNRRMKWKKDIMGEWGNEIFGAIAGFLG,35,1,True,1,False
EnDM-CPP,Positive_435,SGRGKQGGKARAKAKTRSSRAGLQFPVGRVHRLLRKGC,38,1,False,-1,False
EnDM-CPP,Positive_436,KGSKKAVTKAQKKDGKKRKRSRKESYSVYVYKVLKQ,36,1,True,1,False
EnDM-CPP,Positive_437,KETWWETWWTEWSQPGRKKRRQRRRPPQ,28,1,True,1,False
EnDM-CPP,Positive_438,LGLLLRHLRHHSNLLANI,18,1,True,1,False
EnDM-CPP,Positive_439,KLWSAWPSLWSSLWKP,16,1,True,1,False
EnDM-CPP,Positive_440,GLGSLLKKAGKKLKQPKSKRKV,22,1,True,1,False
EnDM-CPP,Positive_441,YRFKYRFKYRLFK,13,1,True,1,False
EnDM-CPP,Positive_442,WRFKWRFKWRFK,12,1,True,1,False
EnDM-CPP,Positive_443,RGSRRAVTRAQRRDGRRRRRSRRESYSVYVYRVLRQ,36,1,True,1,False
EnDM-CPP,Positive_444,RVIRWFQNKRSKDKK,15,1,True,1,False
EnDM-CPP,Positive_445,CWKKKKKKKKKKKKKKKKKK,20,1,True,1,False
EnDM-CPP,Positive_446,AAVALLPAVLLALLAKKNNLKDCGLF,26,1,True,1,False
EnDM-CPP,Positive_447,AAVALLPAVLLALLAVTDQLGEDFFAVDLEAFLQEFGLLPEKE,43,1,True,1,False
EnDM-CPP,Positive_448,AHALCLTERQIKIWFQNRRMKWKKEN,26,1,True,1,False
EnDM-CPP,Positive_449,GLPVCGETCVGGTCNTPGCKCSWPVCTRN,29,1,True,1,False
EnDM-CPP,Positive_450,RQIKIWFQNRRMKWKKTYADFIASGRTGRRNAI,33,1,True,1,False
EnDM-CPP,Positive_451,GRKKRRQRRRPPQTYADFIASGRTGRRNAI,30,1,True,1,False
EnDM-CPP,Positive_452,AGYLLGKINLKALAALAKKILTYADFIASGRTGRRNAI,38,1,True,1,False
EnDM-CPP,Positive_453,RRRRRRRRRRRTYADFIASGRTGRRNAI,28,1,True,1,False
EnDM-CPP,Positive_454,TRQARRNRRRRWRERQRGC,19,1,True,1,False
EnDM-CPP,Positive_455,WLRRIKAWLRRIKALNRQLGVAA,23,1,True,1,False
EnDM-CPP,Positive_456,KCRKKKRRQRRRKKPVVHLTLRQAGDDFSR,30,1,True,1,False
EnDM-CPP,Positive_457,YWLKLLKKWLKLWKKLLKLW,20,1,True,1,False
EnDM-CPP,Positive_458,RSRGRLRRGAIRLQRG,16,1,True,1,False
EnDM-CPP,Positive_459,KKWKMRRGAGRRRRRRRRR,19,1,True,1,False
EnDM-CPP,Positive_460,GRKKRRQARAPPQC,14,1,True,1,False
EnDM-CPP,Positive_461,VGALAVVVWLWLWLWAGSGPKKKRKVC,27,1,True,0,True
EnDM-CPP,Positive_462,YGRKKRRQRRRSVYDFFVWL,20,1,True,1,False
EnDM-CPP,Positive_463,AAVLLPVLLAAP,12,1,True,1,False
EnDM-CPP,Positive_464,CGPGSDDEAAADAQHAAPPKKKRKVGY,27,1,True,1,False
EnDM-CPP,Positive_465,CNGRCGGKKLKLLKLL,16,1,True,1,False
EnDM-CPP,Positive_466,CNGRCGGLVTT,11,1,True,1,False
EnDM-CPP,Positive_467,KCRKKKRRQRRRKKLSECLKRIGDELDS,28,1,True,1,False
EnDM-CPP,Positive_468,KRPAATKKAGQAKKKKL,17,1,True,1,False
EnDM-CPP,Positive_469,MPKKKPTPIQLNP,13,1,True,1,False
EnDM-CPP,Positive_470,RKSSKPIMEKRRRAR,15,1,True,1,False
EnDM-CPP,Positive_471,TRRNKRNRIQEQLNRK,16,1,True,1,False
EnDM-CPP,Positive_472,YGRKKRRQRRRGTSSSSDELSWIIELLEK,29,1,True,1,False
EnDM-CPP,Positive_473,AAAAARRRIRKQAHAHSK,18,1,True,1,False
EnDM-CPP,Negative_1,YASYAALIYLAVCVNAVLAKIKKIFQE,27,0,True,0,False
EnDM-CPP,Negative_2,PLPKSEVDEVSHHWDYLYEPDPKELLETLLVR,32,0,True,0,False
EnDM-CPP,Negative_3,SSASDASKPSSPRGSLLLDGAGASGA,26,0,True,0,False
EnDM-CPP,Negative_4,VTELTKALIARPSVTPLDEGCQTLMA,26,0,True,0,False
EnDM-CPP,Negative_5,AFTIHVTLLILLKG,14,0,True,0,False
EnDM-CPP,Negative_6,SGHITLELSNVANLPITLWPGM,22,0,True,0,False
EnDM-CPP,Negative_7,ISYSLNGKKLDLFPEDLLVL,20,0,True,0,False
EnDM-CPP,Negative_8,AQMVSQVARQRADWEIVKKVQNGLGAEI,28,0,True,0,False
EnDM-CPP,Negative_9,KNTYAKSSHIRAIRQKMFEIVQREANSCDLREFV,34,0,True,0,False
EnDM-CPP,Negative_10,SSPQIDDAERGFSFMNDGP,19,0,True,0,False
EnDM-CPP,Negative_11,QDELWLAGDLVA,12,0,True,0,False
EnDM-CPP,Negative_12,DDKTCSMQACN,11,0,True,0,False
EnDM-CPP,Negative_13,KHQAQGQQTFC,11,0,False,-1,False
EnDM-CPP,Negative_14,CMPTITRMPMPLR,13,0,False,-1,False
EnDM-CPP,Negative_15,HGKVYPQYWVI,11,0,False,-1,False
EnDM-CPP,Negative_16,FMVAPSMGAL,10,0,False,-1,False
EnDM-CPP,Negative_17,AAQMESMPCGC,11,0,False,-1,False
EnDM-CPP,Negative_18,SQNTYSFTYD,10,0,False,-1,False
EnDM-CPP,Negative_19,LVYGYLQGLQS,11,0,False,-1,False
EnDM-CPP,Negative_20,ESPDKYEGFILGMK,14,0,True,0,False
EnDM-CPP,Negative_21,MPYNWVCLHE,10,0,False,-1,False
EnDM-CPP,Negative_22,IMFKCWYNTKK,11,0,True,0,False
EnDM-CPP,Negative_23,DYDVMLFFIWDYP,13,0,True,0,False
EnDM-CPP,Negative_24,SEGIIIWITYIYHN,14,0,True,0,False
EnDM-CPP,Negative_25,EFQEAHSMFVVH,12,0,False,-1,False
EnDM-CPP,Negative_26,MGHIVTKDKQ,10,0,True,0,False
EnDM-CPP,Negative_27,CPAEFKAVMM,10,0,False,-1,False
EnDM-CPP,Negative_28,IAKCNGNRGYQGRV,14,0,False,-1,False
EnDM-CPP,Negative_29,LDNALAGDMQNYN,13,0,False,-1,False
EnDM-CPP,Negative_30,GGFVSQITRGVYLK,14,0,True,0,False
EnDM-CPP,Negative_31,IKFTVVAVYTLHGE,14,0,False,-1,False
EnDM-CPP,Negative_32,DFREVSIGELTI,12,0,True,0,False
EnDM-CPP,Negative_33,CCIMHWYYTIEVFQ,14,0,False,-1,False
EnDM-CPP,Negative_34,EYNYCGSINE,10,0,False,-1,False
EnDM-CPP,Negative_35,MTLHEAGTSMKSF,13,0,True,0,False
EnDM-CPP,Negative_36,GNINGMGCWN,10,0,False,-1,False
EnDM-CPP,Negative_37,FPCKADICTDVS,12,0,True,0,False
EnDM-CPP,Negative_38,QISVRTYGRYF,11,0,False,-1,False
EnDM-CPP,Negative_39,NCSCVNELQPN,11,0,False,-1,False
EnDM-CPP,Negative_40,VMWFETRFFPCI,12,0,False,-1,False
EnDM-CPP,Negative_41,LLMAQHPEKA,10,0,False,-1,False
EnDM-CPP,Negative_42,EEFFLDRWKR,10,0,False,-1,False
EnDM-CPP,Negative_43,QDQSHAGGHVAHIM,14,0,False,-1,False
EnDM-CPP,Negative_44,RSFCWSIYMIA,11,0,False,-1,False
EnDM-CPP,Negative_45,KDAQEGQEMSKKY,13,0,False,-1,False
EnDM-CPP,Negative_46,QGKTYTMIEEKII,13,0,False,-1,False
EnDM-CPP,Negative_47,GQEGFIWLVN,10,0,False,-1,False
EnDM-CPP,Negative_48,GEIFVIIMVI,10,0,False,-1,False
EnDM-CPP,Negative_49,EPCYVDTYFV,10,0,False,-1,False
EnDM-CPP,Negative_50,NLKDDSWWGT,10,0,False,-1,False
EnDM-CPP,Negative_51,EAEQWQWLMKN,11,0,False,-1,False
EnDM-CPP,Negative_52,LKWGYMTAMESHA,13,0,True,0,False
EnDM-CPP,Negative_53,HWFCKEMAASA,11,0,False,-1,False
EnDM-CPP,Negative_54,RHYYRGQSQPQW,12,0,True,0,False
EnDM-CPP,Negative_55,THCNLAACREPT,12,0,False,-1,False
EnDM-CPP,Negative_56,RYMPLVITHNDAES,14,0,False,-1,False
EnDM-CPP,Negative_57,ETMQGCIQFTWQQH,14,0,False,-1,False
EnDM-CPP,Negative_58,SLHRNDITICC,11,0,True,0,False
EnDM-CPP,Negative_59,VKARFEMWKIHHI,13,0,False,-1,False
EnDM-CPP,Negative_60,YLCNYFTHDQ,10,0,False,-1,False
EnDM-CPP,Negative_61,LVCAMIPMQTHFSR,14,0,True,0,False
EnDM-CPP,Negative_62,CCNIEEKWFS,10,0,False,-1,False
EnDM-CPP,Negative_63,DAKWHMKGINN,11,0,True,0,False
EnDM-CPP,Negative_64,CNIFPQLCENINWT,14,0,False,-1,False
EnDM-CPP,Negative_65,HIESESWFDYP,11,0,False,-1,False
EnDM-CPP,Negative_66,EQTNMRKHMGM,11,0,True,0,False
EnDM-CPP,Negative_67,GRNYKKVQGYC,11,0,False,-1,False
EnDM-CPP,Negative_68,WIIQVKVAIKKHL,13,0,True,0,False
EnDM-CPP,Negative_69,WPRPYPECHPSLTK,14,0,False,-1,False
EnDM-CPP,Negative_70,QYYKNPMVDFRQGI,14,0,False,-1,False
EnDM-CPP,Negative_71,RGLETIFHWY,10,0,False,-1,False
EnDM-CPP,Negative_72,AYDYETPRNDP,11,0,True,0,False
EnDM-CPP,Negative_73,WWVDENGPVVE,11,0,False,-1,False
EnDM-CPP,Negative_74,IFPTRWDDRLGME,13,0,False,-1,False
EnDM-CPP,Negative_75,VKVPQKNDEQYVM,13,0,True,0,False
EnDM-CPP,Negative_76,GGMYTRIIEGP,11,0,False,-1,False
EnDM-CPP,Negative_77,TFSEWQWNNQA,11,0,False,-1,False
EnDM-CPP,Negative_78,IQSYCAFQDWFQ,12,0,False,-1,False
EnDM-CPP,Negative_79,HTNKDQSNVQCWY,13,0,False,-1,False
EnDM-CPP,Negative_80,MMYLWVVPYYSSSD,14,0,False,-1,False
EnDM-CPP,Negative_81,KNPCTIKQYAFCN,13,0,False,-1,False
EnDM-CPP,Negative_82,IMAEREFAIF,10,0,False,-1,False
EnDM-CPP,Negative_83,TMFLHGHPNFN,11,0,False,-1,False
EnDM-CPP,Negative_84,QSVPKRLATLRE,12,0,False,-1,False
EnDM-CPP,Negative_85,DSDQQQQFEP,10,0,False,-1,False
EnDM-CPP,Negative_86,RNFMSEVQTLIVRF,14,0,False,-1,False
EnDM-CPP,Negative_87,DLNWSYYTCAHEG,13,0,False,-1,False
EnDM-CPP,Negative_88,PPDGVNIHYQLN,12,0,False,-1,False
EnDM-CPP,Negative_89,VKQCFKHWNIQDG,13,0,False,-1,False
EnDM-CPP,Negative_90,ESHINQKWVCK,11,0,True,0,False
EnDM-CPP,Negative_91,TTRWHWNACKMMQ,13,0,False,-1,False
EnDM-CPP,Negative_92,HMYLAFPGGVHRA,13,0,True,0,False
EnDM-CPP,Negative_93,KFPCWPINTHV,11,0,False,-1,False
EnDM-CPP,Negative_94,FDIPMTRWVSRWNQ,14,0,True,0,False
EnDM-CPP,Negative_95,SWLLLMMPQHP,11,0,False,-1,False
EnDM-CPP,Negative_96,HDPFLAYCGPRNRL,14,0,False,-1,False
EnDM-CPP,Negative_97,TRVSAMPNCA,10,0,True,0,False
EnDM-CPP,Negative_98,WMIDVYLAECIVEK,14,0,False,-1,False
EnDM-CPP,Negative_99,EEDFIYHQKVPQS,13,0,False,-1,False
EnDM-CPP,Negative_100,IHWIRSKVWLKH,12,0,False,-1,False
EnDM-CPP,Negative_101,TTPINDDWESM,11,0,False,-1,False
EnDM-CPP,Negative_102,PYFMNKERWCVI,12,0,True,0,False
EnDM-CPP,Negative_103,DIEECESCRKLDHP,14,0,False,-1,False
EnDM-CPP,Negative_104,HCETGAMHALE,11,0,False,-1,False
EnDM-CPP,Negative_105,EVEPLAWYMSWPV,13,0,False,-1,False
EnDM-CPP,Negative_106,CHPERRFQRGCT,12,0,False,-1,False
EnDM-CPP,Negative_107,RQYKNEFQNQTQM,13,0,True,0,False
EnDM-CPP,Negative_108,TVDVHPGAFDQL,12,0,False,-1,False
EnDM-CPP,Negative_109,EYTMDFARIWWEYR,14,0,False,-1,False
EnDM-CPP,Negative_110,MMWWGNHWCICNF,13,0,False,-1,False
EnDM-CPP,Negative_111,PVMSMPCTDG,10,0,True,0,False
EnDM-CPP,Negative_112,HFDAYAEHKDLIS,13,0,False,-1,False
EnDM-CPP,Negative_113,FAKDLPDWALEGW,13,0,False,-1,False
EnDM-CPP,Negative_114,FLIQMYMHSGLHDM,14,0,True,0,False
EnDM-CPP,Negative_115,AINPWSPKRS,10,0,True,0,False
EnDM-CPP,Negative_116,SDVFFRPGSIEA,12,0,True,0,False
EnDM-CPP,Negative_117,MEPAAMWTITDI,12,0,False,-1,False
EnDM-CPP,Negative_118,QDRYGNMFETIW,12,0,False,-1,False
EnDM-CPP,Negative_119,NMTPHVLMRLLDF,13,0,False,-1,False
EnDM-CPP,Negative_120,EVQLNKLFIPTQ,12,0,True,0,False
EnDM-CPP,Negative_121,MKWNTYPIFP,10,0,False,-1,False
EnDM-CPP,Negative_122,CHCEVFENDQR,11,0,False,-1,False
EnDM-CPP,Negative_123,LCSAMDYFIA,10,0,False,-1,False
EnDM-CPP,Negative_124,YTIGTAPISYDG,12,0,False,-1,False
EnDM-CPP,Negative_125,QVEAHRLHSIRDNQ,14,0,True,0,False
EnDM-CPP,Negative_126,KGNSDLRCQFTMGF,14,0,False,-1,False
EnDM-CPP,Negative_127,KLQQTRSTQTCE,12,0,False,-1,False
EnDM-CPP,Negative_128,VENCVSTGLCG,11,0,False,-1,False
EnDM-CPP,Negative_129,LHKWDVQGYNDP,12,0,True,0,False
EnDM-CPP,Negative_130,IQPSEFALLLP,11,0,False,-1,False
EnDM-CPP,Negative_131,ANNIQTIVSFC,11,0,False,-1,False
EnDM-CPP,Negative_132,CIHGYQKIKDAV,12,0,False,-1,False
EnDM-CPP,Negative_133,KCWIEEYFALKQPE,14,0,True,0,False
EnDM-CPP,Negative_134,LGWSRSYPDAQDRH,14,0,False,-1,False
EnDM-CPP,Negative_135,ASCEYTQTTSRH,12,0,True,0,False
EnDM-CPP,Negative_136,LAFNKKMSTR,10,0,False,-1,False
EnDM-CPP,Negative_137,ADSTNHLSNRTGVFCVV,17,0,True,0,False
EnDM-CPP,Negative_138,DWCWWKVLYTVVRTLSCD,18,0,False,-1,False
EnDM-CPP,Negative_139,EHHQVQCTKARSMFHTA,17,0,False,-1,False
EnDM-CPP,Negative_140,LGMNIPNIKTFEKARCMQ,18,0,False,-1,False
EnDM-CPP,Negative_141,FGIHSPVNWLANARF,15,0,False,-1,False
EnDM-CPP,Negative_142,CNNKRFNECWPEDFWLGN,18,0,False,-1,False
EnDM-CPP,Negative_143,PGCNEISNKLLIKFFATPH,19,0,True,0,False
EnDM-CPP,Negative_144,QRQTHMVTHLAKQMV,15,0,False,-1,False
EnDM-CPP,Negative_145,TNFYLMVPMYFTSSDCNLQ,19,0,False,-1,False
EnDM-CPP,Negative_146,TDMMGRRWPTCQEMTSTK,18,0,False,-1,False
EnDM-CPP,Negative_147,YACTWTGSMSERYVVR,16,0,False,-1,False
EnDM-CPP,Negative_148,MCVNSDVNQWIDLRPPAMS,19,0,False,-1,False
EnDM-CPP,Negative_149,CWGDFGCWIIWQSNPCEQ,18,0,False,-1,False
EnDM-CPP,Negative_150,SMMRGVYSWFGCQWHNML,18,0,True,0,False
EnDM-CPP,Negative_151,MRVCHIYQADYKDGDAHDH,19,0,False,-1,False
EnDM-CPP,Negative_152,YKYKKRQFFMDVRWF,15,0,False,-1,False
EnDM-CPP,Negative_153,YAFYPWQWGCRDCQQS,16,0,False,-1,False
EnDM-CPP,Negative_154,GQGFDDMMSICYIAMLC,17,0,True,0,False
EnDM-CPP,Negative_155,NTFTEALNPPFKEMLS,16,0,True,0,False
EnDM-CPP,Negative_156,MMVKEELDFSETQIKRN,17,0,True,0,False
EnDM-CPP,Negative_157,GWWIHGQGSYVPCIT,15,0,False,-1,False
EnDM-CPP,Negative_158,LWFQMGRNDATDWIRN,16,0,False,-1,False
EnDM-CPP,Negative_159,ELMRYSEDYAWQNFDH,16,0,False,-1,False
EnDM-CPP,Negative_160,LHPAKLAFFGIMMTCEKM,18,0,False,-1,False
EnDM-CPP,Negative_161,SSKLHCQVGDLQYKMPF,17,0,True,0,False
EnDM-CPP,Negative_162,TTHDDACIQYLMELNPDIV,19,0,False,-1,False
EnDM-CPP,Negative_163,PRAVHKPFIHYDKPMWYT,18,0,False,-1,False
EnDM-CPP,Negative_164,CAQAEYSRIWYDTLIE,16,0,True,0,False
EnDM-CPP,Negative_165,NALDVKVQTWVLLNDFN,17,0,False,-1,False
EnDM-CPP,Negative_166,LPRVMCCPGVSLMRFMQ,17,0,True,0,False
EnDM-CPP,Negative_167,ARIVSNTTMWSVHLHMEW,18,0,False,-1,False
EnDM-CPP,Negative_168,RWAGRFENIEWAQPEH,16,0,False,-1,False
EnDM-CPP,Negative_169,PRRTNPDRDNKQPGWPGL,18,0,True,0,False
EnDM-CPP,Negative_170,KQMTASMTRFEVCNVANQ,18,0,True,0,False
EnDM-CPP,Negative_171,AIWQHLDLYSECKCGFSI,18,0,False,-1,False
EnDM-CPP,Negative_172,TIEDCFSMASRIIKCYHP,18,0,False,-1,False
EnDM-CPP,Negative_173,MLHGENHANIRWCYT,15,0,False,-1,False
EnDM-CPP,Negative_174,DHRYNFQNHMHSDFAYMY,18,0,False,-1,False
EnDM-CPP,Negative_175,AELQCSVYKNTRNHDTDV,18,0,False,-1,False
EnDM-CPP,Negative_176,LATRPEKQKDPEFDKE,16,0,True,0,False
EnDM-CPP,Negative_177,ANSVKVDLTDKYCKEWQ,17,0,False,-1,False
EnDM-CPP,Negative_178,QVHMEKNNIMMPDNKWGYE,19,0,False,-1,False
EnDM-CPP,Negative_179,NANHLVGQWEHMWYAMFQA,19,0,False,-1,False
EnDM-CPP,Negative_180,TYIMPMEDKTTCCGPM,16,0,False,-1,False
EnDM-CPP,Negative_181,PFGFNGSRGDLWVGVHGSV,19,0,False,-1,False
EnDM-CPP,Negative_182,VKRIVTYNLGDMRSNPQGP,19,0,False,-1,False
EnDM-CPP,Negative_183,IQIDDESNPLSPGVNDLH,18,0,False,-1,False
EnDM-CPP,Negative_184,YCTDGWNQEGIHRANH,16,0,True,0,False
EnDM-CPP,Negative_185,MNKAYFCGCMCLSDKLQ,17,0,True,0,False
EnDM-CPP,Negative_186,DLHHPQPEMFLLMTISD,17,0,False,-1,False
EnDM-CPP,Negative_187,SPYENYKCEYQMPRWLEDE,19,0,True,0,False
EnDM-CPP,Negative_188,PWTEDQIVKAMMFFN,15,0,False,-1,False
EnDM-CPP,Negative_189,SMARMQSEANVYWETD,16,0,False,-1,False
EnDM-CPP,Negative_190,NHDKSKNRKPKQTNST,16,0,False,-1,False
EnDM-CPP,Negative_191,FEGYFTREYFFVQVEMPIY,19,0,False,-1,False
EnDM-CPP,Negative_192,FSGQFEKYYVPHVVE,15,0,False,-1,False
EnDM-CPP,Negative_193,GATNSLQTWNMDRVL,15,0,False,-1,False
EnDM-CPP,Negative_194,DCHVHMWSDYFDFMFK,16,0,True,0,False
EnDM-CPP,Negative_195,NCINGYAVRADQDFLA,16,0,True,0,False
EnDM-CPP,Negative_196,MCFYMEDQVCNTCVQTVEG,19,0,True,0,False
EnDM-CPP,Negative_197,HINETEIMPLHIPMETRS,18,0,False,-1,False
EnDM-CPP,Negative_198,RDINNLPWNEVQQYN,15,0,False,-1,False
EnDM-CPP,Negative_199,HITSHGKYQIHPFHL,15,0,True,0,False
EnDM-CPP,Negative_200,EFDTAMNFIIANVQGL,16,0,False,-1,False
EnDM-CPP,Negative_201,FGFMDSLITFLALEFCCFI,19,0,False,-1,False
EnDM-CPP,Negative_202,QLWDHSLTLNLTSTVTG,17,0,False,-1,False
EnDM-CPP,Negative_203,VGPMKSPMGTCGSRGDGAL,19,0,False,-1,False
EnDM-CPP,Negative_204,DYHDIKYKPSIFVIKVY,17,0,False,-1,False
EnDM-CPP,Negative_205,QYCTPNRDYQNTDAT,15,0,True,0,False
EnDM-CPP,Negative_206,TIYQKATGHVQAKIPPL,17,0,True,0,False
EnDM-CPP,Negative_207,FNVWTEYEGNRAEFH,15,0,True,0,False
EnDM-CPP,Negative_208,KRNWRLWLGPPVIHVGI,17,0,False,-1,False
EnDM-CPP,Negative_209,KIAWTPPMLQCTYGDWN,17,0,True,0,False
EnDM-CPP,Negative_210,ETCRYDSEVPSCNMS,15,0,False,-1,False
EnDM-CPP,Negative_211,NRRPWRMNDPMSWGHN,16,0,False,-1,False
EnDM-CPP,Negative_212,MYEGSYMSAMKPIDH,15,0,True,0,False
EnDM-CPP,Negative_213,WDIINWSDPWYACNYDSW,18,0,False,-1,False
EnDM-CPP,Negative_214,LNESMAKKNQGRPELGT,17,0,False,-1,False
EnDM-CPP,Negative_215,QACCEHIQEMFGSEIFCAS,19,0,False,-1,False
EnDM-CPP,Negative_216,KCQHRTPWKSFHKMFCQ,17,0,True,0,False
EnDM-CPP,Negative_217,PTMELGVRIDWIQDGCQ,17,0,True,0,False
EnDM-CPP,Negative_218,HSMNGLLNWSDGYNLKM,17,0,False,-1,False
EnDM-CPP,Negative_219,PCELHIVEGCFGNDM,15,0,False,-1,False
EnDM-CPP,Negative_220,GPSKESRATQNPSNVC,16,0,False,-1,False
EnDM-CPP,Negative_221,MSVNMYRSSNNILCWYV,17,0,False,-1,False
EnDM-CPP,Negative_222,DYVKHSDTFQDTREAT,16,0,True,0,False
EnDM-CPP,Negative_223,KCPDRERRMLMRWCM,15,0,False,-1,False
EnDM-CPP,Negative_224,WLQQYSEDKDCAIHFTSC,18,0,False,-1,False
EnDM-CPP,Negative_225,PQGFTEKNNLTYCAFSL,17,0,False,-1,False
EnDM-CPP,Negative_226,AWQCYKCRQDICWQSSKIN,19,0,True,0,False
EnDM-CPP,Negative_227,HEAHSTYWFHGKYCFN,16,0,False,-1,False
EnDM-CPP,Negative_228,NNLCVMRMDMSDWNF,15,0,True,0,False
EnDM-CPP,Negative_229,LVYPIDIVNKAVNLYV,16,0,True,0,False
EnDM-CPP,Negative_230,PGYKSWYDGADVQTL,15,0,False,-1,False
EnDM-CPP,Negative_231,FGEFGVDTQTCTWQFTR,17,0,False,-1,False
EnDM-CPP,Negative_232,FHMQRNWEGWERGAW,15,0,True,0,False
EnDM-CPP,Negative_233,DNLDLIVFKYQVNWYFSF,18,0,True,0,False
EnDM-CPP,Negative_234,NQRRCSVSVQLCMYYTLV,18,0,False,-1,False
EnDM-CPP,Negative_235,DWFNLIQYDMFWDLADCES,19,0,True,0,False
EnDM-CPP,Negative_236,SSCHRTMFTITLVDGWHQ,18,0,False,-1,False
EnDM-CPP,Negative_237,DKTDMDQCVNCIEQDW,16,0,False,-1,False
EnDM-CPP,Negative_238,NLRSIDEAEMCVHHNGLQI,19,0,False,-1,False
EnDM-CPP,Negative_239,MCWTHKIQRDKFECEFWRP,19,0,True,0,False
EnDM-CPP,Negative_240,IWWEEVSKRTGCRGYEI,17,0,True,0,False
EnDM-CPP,Negative_241,GFDPLNSGIMHTVKNAAL,18,0,False,-1,False
EnDM-CPP,Negative_242,KCVINNEHDCNYELLR,16,0,False,-1,False
EnDM-CPP,Negative_243,KPRADLTCWEHWVAKKFLC,19,0,True,0,False
EnDM-CPP,Negative_244,TMDKAFMICVEISWGIFN,18,0,True,0,False
EnDM-CPP,Negative_245,IMLRKFKCSEVPCWNS,16,0,False,-1,False
EnDM-CPP,Negative_246,NWNCIVMAPMRMHRGVLP,18,0,False,-1,False
EnDM-CPP,Negative_247,VQDKRWIQSAYTSIPEMP,18,0,True,0,False
EnDM-CPP,Negative_248,FKPLPKPETNRYMWVSH,17,0,False,-1,False
EnDM-CPP,Negative_249,NTWVNKEVPWELKMN,15,0,True,0,False
EnDM-CPP,Negative_250,GEQWEYNHVSAMFNM,15,0,False,-1,False
EnDM-CPP,Negative_251,NHKNFNKQAYPLWKNQV,17,0,True,0,False
EnDM-CPP,Negative_252,VRANRHMRLWNLFYSGKM,18,0,True,0,False
EnDM-CPP,Negative_253,WVTEIMATPQQPPPMFI,17,0,False,-1,False
EnDM-CPP,Negative_254,IDRYMKWRPIQNSLIA,16,0,False,-1,False
EnDM-CPP,Negative_255,DGQVCKKEKQKSEDYEEN,18,0,False,-1,False
EnDM-CPP,Negative_256,KSVIRYSLANHPAIRRD,17,0,False,-1,False
EnDM-CPP,Negative_257,ACCMWVKEYMIHPYNELV,18,0,False,-1,False
EnDM-CPP,Negative_258,KQDLKVMGHPQESFNVF,17,0,False,-1,False
EnDM-CPP,Negative_259,AIRFDAQCTMMAYTFREY,18,0,False,-1,False
EnDM-CPP,Negative_260,CQTRYNLAPNAWAKV,15,0,True,0,False
EnDM-CPP,Negative_261,IAQSHPQRNDGDFTPM,16,0,True,0,False
EnDM-CPP,Negative_262,QHQEYMPNNVSTNGWP,16,0,False,-1,False
EnDM-CPP,Negative_263,CEFGNDVHVIHQSYFPM,17,0,False,-1,False
EnDM-CPP,Negative_264,VRVQMCSRMRHNHIGHERY,19,0,False,-1,False
EnDM-CPP,Negative_265,HSCKSQFSYIDRDMITGGT,19,0,False,-1,False
EnDM-CPP,Negative_266,MSAWVLTQWQIDLCGQEIS,19,0,False,-1,False
EnDM-CPP,Negative_267,GMGGMWSFIHGMTRWLAEG,19,0,False,-1,False
EnDM-CPP,Negative_268,GAVESAAAQPVSTIV,15,0,True,0,False
EnDM-CPP,Negative_269,YEESCPDIEWEQGYIK,16,0,False,-1,False
EnDM-CPP,Negative_270,FRVEFCEYGAHPSIH,15,0,False,-1,False
EnDM-CPP,Negative_271,CKQNVLHPNKHCKCNSE,17,0,True,0,False
EnDM-CPP,Negative_272,IWRTCQDWWEIFEGW,15,0,True,0,False
EnDM-CPP,Negative_273,NHKSLWSHDTQMCLDDTL,18,0,False,-1,False
EnDM-CPP,Negative_274,LDRQLSWNQTEWWRLCPFQ,19,0,True,0,False
EnDM-CPP,Negative_275,FMVWEFHGNDWARRH,15,0,False,-1,False
EnDM-CPP,Negative_276,IFWCATRLDYSMHLI,15,0,False,-1,False
EnDM-CPP,Negative_277,CTWLGARMRWQNDQKND,17,0,True,0,False
EnDM-CPP,Negative_278,ATHTDKWFIAWWKLKGLL,18,0,False,-1,False
EnDM-CPP,Negative_279,VIIYHCWTWCDNLMVKL,17,0,False,-1,False
EnDM-CPP,Negative_280,VLAAVYYYITLLWIDSIWCKW,21,0,False,-1,False
EnDM-CPP,Negative_281,DFFYAKLMVEEAFMLHWVKDM,21,0,False,-1,False
EnDM-CPP,Negative_282,CVMFLSFTMHLMFGSCLEWWVNL,23,0,True,0,False
EnDM-CPP,Negative_283,PHQPFWFFAHCGATQLRMNGYEWW,24,0,True,0,False
EnDM-CPP,Negative_284,CCGPEVCFDCELDKDPLCCSGAKW,24,0,False,-1,False
EnDM-CPP,Negative_285,AEVQSGMLNAPMENFMIHHYNMD,23,0,False,-1,False
EnDM-CPP,Negative_286,MVGFPYWKAYDLVMWGLMRH,20,0,True,0,False
EnDM-CPP,Negative_287,PYHRKWFLCYFLGGGAGWCWPQ,22,0,False,-1,False
EnDM-CPP,Negative_288,IRKFAQQIPVKEGTWQMICEM,21,0,True,0,False
EnDM-CPP,Negative_289,ACVNKHMQGMNDSFETIDPYWI,22,0,False,-1,False
EnDM-CPP,Negative_290,QSNHKSVAATSISTWGESGSSEI,23,0,False,-1,False
EnDM-CPP,Negative_291,GKLGWMITKRRIELTMYSHYR,21,0,True,0,False
EnDM-CPP,Negative_292,MPHAWEHPVWGTTCYNDHWLMF,22,0,False,-1,False
EnDM-CPP,Negative_293,AYIFHPRKRPKENWMVAHDRDC,22,0,True,0,False
EnDM-CPP,Negative_294,KGTLHNECPEMFPELERFLWTNK,23,0,True,0,False
EnDM-CPP,Negative_295,KFKYHAERVGINGKHEMITP,20,0,False,-1,False
EnDM-CPP,Negative_296,CMEEPLLYECLIIPLGDFLL,20,0,False,-1,False
EnDM-CPP,Negative_297,VPAKKDKYHGWWATFPSPSFVY,22,0,False,-1,False
EnDM-CPP,Negative_298,NFHKCTCKVKSIANTAEEVRIP,22,0,False,-1,False
EnDM-CPP,Negative_299,PSKCSVNIEKSLFFMHAQAY,20,0,False,-1,False
EnDM-CPP,Negative_300,NTIPVRPYNPVFENWPQDWPM,21,0,False,-1,False
EnDM-CPP,Negative_301,NVPRMYYFQYYGLKTCTWAA,20,0,False,-1,False
EnDM-CPP,Negative_302,NDYMEHMCQGAFILMRAVHRM,21,0,True,0,False
EnDM-CPP,Negative_303,FIMATPNPIFGKHQYMSEMPPETH,24,0,False,-1,False
EnDM-CPP,Negative_304,NKQWWWAVMARTDETTLNPGDQ,22,0,False,-1,False
EnDM-CPP,Negative_305,LVRPPQDSHPVEIMKKTLGNF,21,0,False,-1,False
EnDM-CPP,Negative_306,DAFQHVQFNHLTVYNIDHYFS,21,0,True,0,False
EnDM-CPP,Negative_307,CRDRCVWQTTCVTCGNPAVKDQ,22,0,True,0,False
EnDM-CPP,Negative_308,CGFVIATVWHQTYARDANREPSAA,24,0,False,-1,False
EnDM-CPP,Negative_309,CSFWIGHEPSNIFSNTNETTFSCH,24,0,True,0,False
EnDM-CPP,Negative_310,ENKCMDEDPHPMGQRERNRKNTTS,24,0,False,-1,False
EnDM-CPP,Negative_311,VYCNVCFHMTRHGPLPVMSGGNM,23,0,False,-1,False
EnDM-CPP,Negative_312,TGWERFPSYVRDFGYSGGLQ,20,0,True,0,False
EnDM-CPP,Negative_313,QGVTYCYTWHGDFRNPCLFC,20,0,True,0,False
EnDM-CPP,Negative_314,CHHEFRNVWVFLGEMPFILKGQWL,24,0,False,-1,False
EnDM-CPP,Negative_315,SNRNEIIMNSAHKTHVDCRWEQK,23,0,False,-1,False
EnDM-CPP,Negative_316,RWCKDGGVDNAQKKCVFMHYF,21,0,True,0,False
EnDM-CPP,Negative_317,IHRYFRFYWLTDWDEDAYHG,20,0,False,-1,False
EnDM-CPP,Negative_318,RGRTAKESPLAFKMQEVPDPCRYA,24,0,False,-1,False
EnDM-CPP,Negative_319,FQLNYKKFTSEMRAPKHDDSMKP,23,0,False,-1,False
EnDM-CPP,Negative_320,FLQTPLIDSISQTVTPLVCW,20,0,False,-1,False
EnDM-CPP,Negative_321,YRAMKDQKVNGAPMNKRDPCSGM,23,0,False,-1,False
EnDM-CPP,Negative_322,LIPFDFVRCLNLSYKTKAYDYPM,23,0,False,-1,False
EnDM-CPP,Negative_323,CPNSLHMRTMKEEKHEQVDYMSAF,24,0,False,-1,False
EnDM-CPP,Negative_324,YEKERNENAKHYQPMFMRSWH,21,0,True,0,False
EnDM-CPP,Negative_325,RAHLWTLNEWRWEFCPKCCQFVN,23,0,False,-1,False
EnDM-CPP,Negative_326,LQMIYHQKQFMQYSQTPGEMSG,22,0,False,-1,False
EnDM-CPP,Negative_327,DTEPFNIKREESPDCPDRLMHGRW,24,0,True,0,False
EnDM-CPP,Negative_328,PTVSPPEDSHTCVCFHQDNCTQC,23,0,True,0,False
EnDM-CPP,Negative_329,FWSAFYVNLVQLCWKLGNEWATEA,24,0,False,-1,False
EnDM-CPP,Negative_330,CSRRNHVCAYEFDQHCFLFGKTEH,24,0,False,-1,False
EnDM-CPP,Negative_331,VDHDRHIIKHLKSGCIGCIDASK,23,0,True,0,False
EnDM-CPP,Negative_332,EEEILEYVWACIIGCSGAYQHK,22,0,False,-1,False
EnDM-CPP,Negative_333,HKHLNSYPQDRGFRYNCKSC,20,0,False,-1,False
EnDM-CPP,Negative_334,STNQAWELQNSMWEWSELMHCG,22,0,False,-1,False
EnDM-CPP,Negative_335,RLGTRCSVCMLHAWQGGKQVDE,22,0,True,0,False
EnDM-CPP,Negative_336,FSLHRYMAWFCPWTGAWLMLD,21,0,False,-1,False
EnDM-CPP,Negative_337,CLAITLYDDKTPASDPTICTY,21,0,True,0,False
EnDM-CPP,Negative_338,SQWIIMQVLTACTVTHAWPIRG,22,0,False,-1,False
EnDM-CPP,Negative_339,IGFPDKKMQEMGYYYYDCNAS,21,0,False,-1,False
EnDM-CPP,Negative_340,VTRPRRRQSDGFPTCQGPRRE,21,0,True,0,False
EnDM-CPP,Negative_341,QKHVEDTFVTFSPTDKFYKKR,21,0,False,-1,False
EnDM-CPP,Negative_342,PTDHFIDVATYRSQEWRIAEYLG,23,0,False,-1,False
EnDM-CPP,Negative_343,GRHAFWTPAYMHHNIHKACGN,21,0,False,-1,False
EnDM-CPP,Negative_344,DLFLSFDLAHAAFWTMNYIDEK,22,0,False,-1,False
EnDM-CPP,Negative_345,GIGWARCLMMHHANHCTKHAH,21,0,False,-1,False
EnDM-CPP,Negative_346,CLAYVWATPYTSNTESRRGNSSDHKQ,26,0,True,0,False
EnDM-CPP,Negative_347,SWEQRNCQMLMNVCNVNRRKGCLGGGRK,28,0,True,0,False
EnDM-CPP,Negative_348,FMRDLMIFTDDAANHREYMKAFSTRAVIY,29,0,False,-1,False
EnDM-CPP,Negative_349,AWICGNMTCGHANMPYMAIYGFAVLSW,27,0,True,0,False
EnDM-CPP,Negative_350,AWMQLACFADVDTRHGYMHLMEWDDVYHY,29,0,False,-1,False
EnDM-CPP,Negative_351,WTFQVCSMGAWYNLGINAAKVNAWLVL,27,0,False,-1,False
EnDM-CPP,Negative_352,AYTWTGWDPCWSWHCHMRFLKEESHES,27,0,False,-1,False
EnDM-CPP,Negative_353,PMIKFVIMNQCLVGFPLCLHKCPVFAH,27,0,True,0,False
EnDM-CPP,Negative_354,GKGIHFSWNHMAQDQRDNKIEIKNKR,26,0,False,-1,False
EnDM-CPP,Negative_355,CYVQLFTRDKAVTENKYNFKIVQWYPMV,28,0,True,0,False
EnDM-CPP,Negative_356,YGDLQNGFMLFCKIWELDWVAGSAFYQD,28,0,False,-1,False
EnDM-CPP,Negative_357,LGAQNCLLVKHLVAQLDGDQDDQGTKDSL,29,0,False,-1,False
EnDM-CPP,Negative_358,WYVFADPVVAAGRDHCELSSDKWPSYN,27,0,False,-1,False
EnDM-CPP,Negative_359,YQDIRGPTKMEITNNCHLHKCSPKTH,26,0,False,-1,False
EnDM-CPP,Negative_360,QMWWYMFFEQLHCCGGFWAQIADAHTT,27,0,False,-1,False
EnDM-CPP,Negative_361,YYFCMEEWQLERSLMWWNYKPLNKNMRN,28,0,True,0,False
EnDM-CPP,Negative_362,PQTDEQTTQKSYFNCHFEYIILWSIHAP,28,0,False,-1,False
EnDM-CPP,Negative_363,HYYQSMKDIIAMMITLDKPHIGARN,25,0,False,-1,False
EnDM-CPP,Negative_364,TNAPSVVLGGLQGISDSHQYYWHEC,25,0,False,-1,False
EnDM-CPP,Negative_365,ENRQSIWVTIMEARKNKATLHDYMSVPQW,29,0,False,-1,False
EnDM-CPP,Negative_366,HAAQNKYPASWKWVRHWNQVEVVHI,25,0,False,-1,False
EnDM-CPP,Negative_367,QPWIFYVMKEWGVKSQAGESTLTEY,25,0,False,-1,False
EnDM-CPP,Negative_368,DDAYFDSIECVGHCERLQMCIWSSWYYG,28,0,False,-1,False
EnDM-CPP,Negative_369,HNSEIYMCWASTDIDLQTNRCGQSI,25,0,False,-1,False
EnDM-CPP,Negative_370,IAFSMHPGCWGHYKFLTWLDHQYKIQLQT,29,0,True,0,False
EnDM-CPP,Negative_371,EMHKLPILYYIPASMGSLTYAVHRCKKS,28,0,False,-1,False
EnDM-CPP,Negative_372,SCKQGDVVKKNFPMQCPFACFAMVEFVG,28,0,False,-1,False
EnDM-CPP,Negative_373,SLPPKLEAYNLMKFTAVGSIRYCMTTS,27,0,False,-1,False
EnDM-CPP,Negative_374,IAYNEMLLANVMPDRPIPGDNYHTFN,26,0,False,-1,False
EnDM-CPP,Negative_375,HDHHLPEGNGEIMYKLIWCKKEANPGE,27,0,True,0,False
EnDM-CPP,Negative_376,GHTTCTPTSYENKYWYRYEQEPADDE,26,0,True,0,False
EnDM-CPP,Negative_377,KIYGFLCVCSMCSSCTKPYAYEKHGLRP,28,0,False,-1,False
EnDM-CPP,Negative_378,CSFYMMMGYRLHYTWLAAITVLHMYHVVA,29,0,False,-1,False
EnDM-CPP,Negative_379,CYESMACWHHMEKNVLYERHLSQWLP,26,0,True,0,False
EnDM-CPP,Negative_380,PWGYIHHPVIFGFFSLDAEFRTFPKC,26,0,True,0,False
EnDM-CPP,Negative_381,VFGKHWAYMRNWGWHKHTGALANHVN,26,0,False,-1,False
EnDM-CPP,Negative_382,YVNMCRCDRPHDSFCPTHWFARYLNRC,27,0,False,-1,False
EnDM-CPP,Negative_383,YIEVKTGGVTLILTKRIYAYLQHQGSNF,28,0,True,0,False
EnDM-CPP,Negative_384,NANQWPQWNQICMTLWVVVGSWPDS,25,0,False,-1,False
EnDM-CPP,Negative_385,GDKYPAPSGVPQHMCPNEAMPDCSAESS,28,0,True,0,False
EnDM-CPP,Negative_386,VDKHCMGSWMSTCGNFEDNHTQEMG,25,0,False,-1,False
EnDM-CPP,Negative_387,LNNVERSMWKWLKVACKECCYACVH,25,0,True,0,False
EnDM-CPP,Negative_388,YWNVKTLDEKAGFPKEDYVKIGDCYCQ,27,0,True,0,False
EnDM-CPP,Negative_389,VSVYVFVFIDWHIRPKCHSCQIFQCIWRN,29,0,True,0,False
EnDM-CPP,Negative_390,ETCMRINPASMSITKFTHESCSHYYE,26,0,True,0,False
EnDM-CPP,Negative_391,RNTQPIPSHSWISRSELVRMLVDDEQTY,28,0,True,0,False
EnDM-CPP,Negative_392,KQEIKRHKLEQPSLLGQFKEADTAS,25,0,True,0,False
EnDM-CPP,Negative_393,RMMDDGRMIHMLNKRWVTVWCETQYC,26,0,False,-1,False
EnDM-CPP,Negative_394,IIQFCNCSMIKSRPWFCEKNSLDPPYS,27,0,False,-1,False
EnDM-CPP,Negative_395,HIQLPCFTFMGSFQAYDHALRDRVIWT,27,0,True,0,False
EnDM-CPP,Negative_396,WWYVAMKASMQGWTFCMSCNELTRHDQYE,29,0,False,-1,False
EnDM-CPP,Negative_397,MRDVFMHLWYNKSIEFAYVRAKIEP,25,0,True,0,False
EnDM-CPP,Negative_398,KLIWVWAYDIWPPREPMKSFAPMCLD,26,0,False,-1,False
EnDM-CPP,Negative_399,VIQQKTQFPIDKSPQQIPMMYGVEWPMWN,29,0,True,0,False
EnDM-CPP,Negative_400,DNCCWHCKYRGHWYQHGEFNCFRLSL,26,0,False,-1,False
EnDM-CPP,Negative_401,NIGHCNWWSNWNCFPINEEDLECASWKRR,29,0,False,-1,False
EnDM-CPP,Negative_402,YLQTYTMDEIPYLFEQMWAVKEGFHS,26,0,False,-1,False
EnDM-CPP,Negative_403,QIGFLNVTCKKSINANAEESLEADY,25,0,True,0,False
EnDM-CPP,Negative_404,ADWHDVKNPRLMLPDFGAHGEYFTVKNGH,29,0,False,-1,False
EnDM-CPP,Negative_405,EWYYQGYTTILVCFANQCFGHSIIGFDLP,29,0,False,-1,False
EnDM-CPP,Negative_406,YHARAFGSVKEAINYQLYAFRPRKEIFMCGN,31,0,False,-1,False
EnDM-CPP,Negative_407,KGPHTLPKCMYPIYGSSLYKGEHYHAWFPPQLY,33,0,True,0,False
EnDM-CPP,Negative_408,GRRRCVFPHEKYAIGGLYCNNKSGDVGGPI,30,0,False,-1,False
EnDM-CPP,Negative_409,WCPSDMMPAVYVNEGHESKDKNQQMCKAMWNSET,34,0,True,0,False
EnDM-CPP,Negative_410,HESRQHKPTTKQVQICIETEAYCECNPAGF,30,0,False,-1,False
EnDM-CPP,Negative_411,MDHRVMWFYRMRLTHASNTDWWNKTITAYYWWT,33,0,False,-1,False
EnDM-CPP,Negative_412,NDSRHCRLLEGGLNEVNAQTVFQLQFFNYRNE,32,0,True,0,False
EnDM-CPP,Negative_413,VTMSTEEFFYDADTNTKLLPDWESLSHPSYIMY,33,0,True,0,False
EnDM-CPP,Negative_414,KRMWFVNFIRHKSCWMTIKYWSIMRIHNCR,30,0,False,-1,False
EnDM-CPP,Negative_415,TGQITNMPNVKWTCHWGGCWFHAMVALKFASL,32,0,False,-1,False
EnDM-CPP,Negative_416,FDPFTFRYAIFFKNEQTWGIEVFYKSGQQDKSAH,34,0,False,-1,False
EnDM-CPP,Negative_417,ILCPMGSNEETCQTMDIRKGWRIARWYRAYGC,32,0,False,-1,False
EnDM-CPP,Negative_418,FAYFDWHMPLPCMGMLCCKGHPIWAKQTLPH,31,0,False,-1,False
EnDM-CPP,Negative_419,RGKNENCITNPPDQRLHCLYKIMYSLVGWDLAK,33,0,False,-1,False
EnDM-CPP,Negative_420,AIHYDSIHCVMQRAANEFLIDETDHGVDQNLQV,33,0,False,-1,False
EnDM-CPP,Negative_421,TTMQVGDCSFQNDIGWQMNNETDWGWNTCNDKVC,34,0,False,-1,False
EnDM-CPP,Negative_422,VVFAQDCTSIRMYWHTMCEHLESSESFLWLNC,32,0,False,-1,False
EnDM-CPP,Negative_423,ILDICDHHGWNCYQKAYGDTIFPKEGAETPCWLK,34,0,True,0,False
EnDM-CPP,Negative_424,SCMNTWLQMQSGNQHYIGRMVDYLYYDNSMRND,33,0,False,-1,False
EnDM-CPP,Negative_425,DTSQHFHWPSQTCFHGYEWNAVYVEQWHPPI,31,0,True,0,False
EnDM-CPP,Negative_426,SMEKWNVICHNTHGERPTYKQMKDKKMNIKFR,32,0,True,0,False
EnDM-CPP,Negative_427,YPRQLDDVVDETVISIMIDTQNWGIRLGCVMQQG,34,0,False,-1,False
EnDM-CPP,Negative_428,GCVMDVKGKCLMWTTTYDWWSFGDEAKCGSCE,32,0,False,-1,False
EnDM-CPP,Negative_429,GNTAWNGNEAFLLVICIKYILDIIGYKNMSLSKE,34,0,True,0,False
EnDM-CPP,Negative_430,EVTMGEHPTAKIAMKDTNCPGLQPLFFPKNMD,32,0,False,-1,False
EnDM-CPP,Negative_431,VAKLWTTIPTYWCHDRPCMFSYSCWWWVMHYIQR,34,0,False,-1,False
EnDM-CPP,Negative_432,RHDGIYQCGYRGNNDLSIYQQVPQPIWQRWKIA,33,0,False,-1,False
EnDM-CPP,Negative_433,CNGIQWNPVPPVREHADPTGVPKNPRNWMQCG,32,0,False,-1,False
EnDM-CPP,Negative_434,IMIFETYNNMMPYQIDFIVYHNTYHTNEMRWQET,34,0,False,-1,False
EnDM-CPP,Negative_435,ECNDYTSVPHTFTVGLNPDFMSINNFEAPWWV,32,0,False,-1,False
EnDM-CPP,Negative_436,DKSFLVDFNKNFLHEDFPWKQMGGTFMSHLR,31,0,False,-1,False
EnDM-CPP,Negative_437,QNMRNLKGFMCDEGEKFAADPTQSQCHDLTYFML,34,0,False,-1,False
EnDM-CPP,Negative_438,DMDEETFFDQVKWSLWATQCITKFQCEPEAKDFKCEL,37,0,True,0,False
EnDM-CPP,Negative_439,GQWCGGRHRYEPCHHPEAQWHQDACWQVNKKWYQLS,36,0,False,-1,False
EnDM-CPP,Negative_440,DQIDPTRSEGVARFEPDCQGCTPRWPACVKMYKKEV,36,0,False,-1,False
EnDM-CPP,Negative_441,WMSYRWGRKDQPQKWEFNPENMPYFNGDKWSSMEPENW,38,0,True,0,False
EnDM-CPP,Negative_442,VMGNRSHVDQRPVKTTDTSSETQQYFRMAMISDIT,35,0,True,0,False
EnDM-CPP,Negative_443,GPSKTNLDLNNHPYDDPSDYYESVRVVTVKGGPIYN,36,0,True,0,False
EnDM-CPP,Negative_444,TEVAVEMITDAHLQYPISKIFDGRSMPPYSNWATQMA,37,0,False,-1,False
EnDM-CPP,Negative_445,FCNVANQAYKQSHQCYCMAPLTKPAWGGMMNMEYSFIYY,39,0,False,-1,False
EnDM-CPP,Negative_446,AEIMQPPLLNGFRPRRDLCVIRDRGCAPIAWHLVWT,36,0,True,0,False
EnDM-CPP,Negative_447,TQLSAQHWSVVNYMMKAYACMALAPTKSDMLERWPDID,38,0,False,-1,False
EnDM-CPP,Negative_448,QAEQVGTYHKMLFIGGRCLMKGDKQILFPAVREEHWS,37,0,False,-1,False
EnDM-CPP,Negative_449,YYAKKEMYGYWTHGVGCTWVGYTQKYQYQQLFVPNM,36,0,False,-1,False
EnDM-CPP,Negative_450,HQCANHKKKIMMWSQKLNDLHRYDLWGGICSDAMMQLSP,39,0,True,0,False
EnDM-CPP,Negative_451,VNWIVHGMHFAAGQPIKCIAIKRSKGRWTANRRRTLGA,38,0,False,-1,False
EnDM-CPP,Negative_452,THPRKFYLVIGEQWSANCGFSLGNTMMEVPFEYMWP,36,0,True,0,False
EnDM-CPP,Negative_453,YFMHYCFATWYSPPSGGHSCMDFMQMVKQAAGIDQETRG,39,0,False,-1,False
EnDM-CPP,Negative_454,KGPVIWSNVFPRQYWCGFEIRSGMQQNPWLIFCEDKTG,38,0,False,-1,False
EnDM-CPP,Negative_455,TSTAIFFKTGYMEIYANDAYRNTEPKAFPEVANRVHL,37,0,False,-1,False
EnDM-CPP,Negative_456,YLCHDWLQNPKKDLWYRGAGQIDESHSQMVWRKPCTEIQ,39,0,False,-1,False
EnDM-CPP,Negative_457,NLELAQGDDAQQVNAFHCNKCRHGVHGHIVIIVNIILE,38,0,False,-1,False
EnDM-CPP,Negative_458,PYMVCWTMGMPKYQSWPTKEMKSSRMLTSKPCFPN,35,0,False,-1,False
EnDM-CPP,Negative_459,LHFLHKAWDSMIPKGTHWPIQMQCRYLSDCHVKKHNEHG,39,0,False,-1,False
EnDM-CPP,Negative_460,CNDWQTKDYMIALLFSFNNYAKWPLKQLIVPTLKILW,37,0,False,-1,False
EnDM-CPP,Negative_461,IVDWNYNIMNDDDNKTYGSSLQIKSPDQWVEMDWE,35,0,False,-1,False
EnDM-CPP,Negative_462,HQKKHIEEMENLTVKDQQRMMYCTPCNNKEYWVATYLM,38,0,True,0,False
EnDM-CPP,Negative_463,MKYLHDQWLTPEFRYYWIKVSWTLWKFSHKLSEMIL,36,0,True,0,False
EnDM-CPP,Negative_464,GEHCFYVPMHDGTGKMTSTAFLIGYCEYHPIQHDDYMACHVNFQ,44,0,False,-1,False
EnDM-CPP,Negative_465,HRDDGYWTKSGGGAQDVNQGLLDSASNMMSMQNCYIHPKNN,41,0,False,-1,False
EnDM-CPP,Negative_466,FYLRWESRDFYKNIPSCTENKGAQSMRNGYEQIAHPTNHIWMYM,44,0,False,-1,False
EnDM-CPP,Negative_467,DAMHDTEETHHMLDKVSRELFLTREMEAGCELFKHMIPAPMRF,43,0,False,-1,False
EnDM-CPP,Negative_468,KYLVWPFNRSKAKYTWSYPMDWVSHTVMIFIASNDYMGKLC,41,0,False,-1,False
EnDM-CPP,Negative_469,QLEINNIPCKICIIVIGPCWEERTGTTQERPSEAKHDIWYKTNQQGARH,49,0,False,-1,False
EnDM-CPP,Negative_470,MFPWDQNCSCFRKRHVFMCKEYRYQVDPRCMHDIYHFSSFWDSMDMVLV,49,0,False,-1,False
EnDM-CPP,Negative_471,RCYYNAGSVDACCLKCWQWGASCWNQLRLPCKGVSPNCCNSTARERSEKMSV,52,0,False,-1,False
EnDM-CPP,Negative_472,HRYCVCFYFYAFMGTMTKFLMVAPTFEFCLNLAIFPNLFMHMSVDCIEDCARPIVA,56,0,False,-1,False
EnDM-CPP,Negative_473,AYKFSYLLARINTNNQCLEWRKQESDIVIDCWVFFHYIVSRSVCWKIYERRTWIGSPM,58,0,False,-1,False
