unused_idx,sequence
7,SFHVFPPWMCKSLKKC
11,PAWFKARRWAWRMKKLAA
13,EKQGVPIRLIALGRVYRRDLDQTHT
15,MILPTGPTSFKE
17,SLSRFLSFLKIVYPPAF
35,AMKSLDIMLSHGTTT
39,ELQLRGAAISLSG
44,DSHAKRHHGYKIKFHENHHSHRGY
50,SRRYPGVYTDVHYVKPFI
59,GVGYKVVVTTTAAADDDDVV
63,VIKKILGRIECPKG
69,LGAWLAGKVAGTVATYAWNRYV
71,GKPRFVHTLNGSGT
73,FRPKVTITIQGSARF
74,EELVVAGGGGLRRF
92,NPRWEFRGKFVGVR
96,AVCKLIGINMSL
104,LWGRPAQEKIKMIDTTRHVII
113,ERVMKSRHRMA
119,PTRGQIDDLLGEI
132,WAIVLL
135,GTAKKGDVLGVARVAGI
138,LETPAPQVPARRLLPP
139,AALAFKIMTDPYVGKLTFFRV
155,PAWRKARRWAWRMKKLAA
156,RGKLPILAGGT
170,TEEQQKWVSRLVKKI
171,AKFMAIAADHPLAQAAAAKDPKVAAF
174,FALALKALKKAL
180,VKLKVYPLKVKLYP
184,DIILPDGSVKQY
189,AGGNLTGWHPDSAAVL
214,GDFFRKSKEKIGKEFKRIVQRIKDFLRN
215,FAKLLAKLAKKAA
220,RLPPGFTPWRIAPAIV
221,SAGATANLPLRS
226,ANAATYTTGLTAASFTS
232,ECCSDGWCCPA
237,IFKAIWSGIKRLC
240,KFAKKFKWFAKAAFKFFKK
241,KCQHRTPWKSFHKMFCQ
245,GKLQAFLAKMKEIAAQTL
255,HSCVCRRICAARQVRKGRCSRRRRICCLY
261,QERPIPVWIRALGAALTP
265,LVCAMIPMQTHFSR
267,GSDKDKKKLSKLFERLGYQSTSYDNLKS
284,FNLRDFANIFQG
287,NCPYCVVYCCPPAYCEASGCRPP
305,KRGGAQYAPYWQETYLRSRK
309,PTLRNKFKMPTRIQNG
310,GLPVCGETCFGGTCNTPGCSCSYPICTRN
312,LLKTTELLKTTELLKTTS
326,KWKSFIKKLTSKFLHSADKF
345,CSSCFCLCCPRHRPVSRLAAVVGGAAAV
346,GFWGKLFKLGLHGIGLLHLHL
356,VAKALAKALLKALKAL
365,SAMRLCLPSFDKLELLECI
368,EALIALTNMTPTN
391,ALLASALCTFVLPLLLFLAAIKLWDLYCVSG
393,NWTPQAMLYLKGAQ
408,ELMTLFKNLHKKGM
415,CAKLAKFCVSQGLE
418,APPSSYGYLATLAGLK
423,FLPLLAASFACTVTKKC
424,KLALKLALKALKAAKLA
432,GLPVCGETCFGGTCNTPGCSCTDPICTRD
442,FLGMIPKLIKKLIKAFK
453,PQNVTLYQIIWLFMQKTT
466,RVIASSDLVWP
476,RSAVGRHGRRFGLRKHRKH
478,RTLLLAGADKV
490,GFGTGLNFLAVTALFRE
491,TERQIKFWFQNRRMK
497,RFGFFPMDQPGTGWT
499,RRRAAFAAWAAFAARRR
501,TPVVNPPFLQQT
516,SMVKKTGDWKKHVETNS
530,RVKRQSHLSLCRYCCNCCRNKGCGYCCKF
531,LCLKKRRWKYCV
536,TILVHSAWAKE
548,RKLRRLKRKIAHKVKKY
555,RQCKIWFQNRRMKWK
558,NNNNNNNNDNDNNNN
570,KWKKLLKKLLKLPKKLLKKLKKLLK
591,QYPLGQGSFRPS
602,SGYTLVHQFCRIGAHS
606,SKVARSLAKYHPRVNHHRHC
609,IWRTCQDWWEIFEGW
625,DHFKPLWARNVPKFGIAHAMALGLGPWLA
626,GALSEKERKLYDLIAKR
636,KWKSFLKTFKSLKKTVLHTLLKAISS
638,FALKALKKLKKALKKAL
639,FTTFAVSTVCLPLFAFLFC
668,DSNPRPSKSPRHGSHG
671,KSVFQPLRDSG
696,VQQQQPLGQQQP
697,CQTRYNLAPNAWAKV
699,RIIDLLWRVRRPQKPKFVTVWVR
729,VATIKSVSFYTRK
734,KRKVKGRSRGK
749,GLRSKIWLWVLLMIWQESNKFKKM
758,NYHATNPRYHE
760,PLSIQMRLRGRGFLRGILDGLV
764,RWCVYAYVRVRGVLVRYRRCW
766,KLKLKLKE
767,AETGDAHIDDVV
773,MITQTLHELRRRGGGF
774,TAQVFFNVYKKAKPN
800,AITFYPFAPNQITCIHE
804,ACGYFLNPSLMS
807,LPAVLKVAAHILPTAICAISRRC
817,ILGKIWKIKKLF
819,QIDRLSKRRKTEEDLREEIESLQENIL
823,VDKPPYLPRPPPPRRIYNNR
827,KKLRLPASMIID
841,HRIALNLREQGR
843,RRSPSPTPTPGPSRRGPSLGASSHQHSRRRQGWLKEIR
849,TISVVGWVHRRRDHGG
852,SGWNAYIDTMTAAAP
875,NNLCVMRMDMSDWNF
881,KDLHTVVSAILQAL
888,TMVEPFKLCFD
894,PIIKRFLGKLTIPVQR
895,ANIWVPFCRKHAIE
900,KERTLKRLERTLQFLKKTMTVKTRF
901,ILRRRIRKQAHAHSK
907,WKSMFGSLDPPNMPQA
910,WLYKREDY
944,AAAATAAAAAGLGE
946,GLPRKILCAIAKKKGKAKGPLKLVCKA
970,PLSKAFEGASSVT
971,TLQPPSALRRRHYHHALPPSRHYPGREAQA
977,PRCPPCPRCSWCPRCPTCPRCNCNPK
989,RCTCTTIISSSSTF
1024,NRSYSRRWQNPLPRRQHPDQI
1030,QGLPPGPPIPR
1033,ICSLSTMYTFLL
1035,VKGAFSMRRKT
1059,EMAERSGRKIP
1084,FITKALGISYGRKKRRQC
1085,CCNCSSKRCRDHSRCC
1102,TDFNILYSMMKKHEEFRWMRLRIRR
1107,HSEGTFSNDYSKYLETRRAQDFVQWLKNS
1119,GKWKKILGKLIR
1121,LKQEADAKLKKENDDKLKQEADAKLKKEKHDKLKQE
1147,QIIYVGKAKKLRNRLRSYF
1155,GGCRIGPITWVCGG
1156,TVVRRRGRSPRRRTPSPRRRRSQSPRRRR
1163,IKQIIQRITWVNP
1171,GLPVCGETCKGGTCNTPGCTCSWPVCTRN
1173,IKRFVANNPSTL
1182,KYKKALKKLAKLL
1187,YGGFLRRIRFARKLANQ
1190,GLLSGTSVRGSI
1194,CTTCECCCSCS
1202,VRRFAWWWAFLRR
1210,HLPPPVHLPPPV
1224,ELTLTQLQKIIP
1233,CFPPGVYCTRHLPCCRGRCCSGWCRPRCFPRF
1246,VLQLQQEKRQLRQE
1255,LKLKLKLKLKLKLKLK
1257,HIANLCKVVAPAPSKSRPE
1263,AHALCLTERQIKSNRRMKWKKEN
1269,FPCKADICTDVS
1285,EVQLNKLFIPTQ
1314,MHSSALLCCLVLLT
1330,LRQAKWIKPKVNQPSLCFN
1333,IMFKCWYNTKK
1338,RKYVMGHFRWDRFGRRNSSSSGSSGAGQKR
1355,ESHINQKWVCK
1356,VTRPRRRQSDGFPTCQGPRRE
1362,GGFVSQITRGVYLK
1366,YLRNPRKNLLKNILADVLARQLQKK
1373,KSSASSSVSAAP
1380,RGGRLTYTRPRFTVTVGR
1387,PVRSTPHIAILDPRTGERVKEWSKSFT
1396,NWNRKLGCKCQYKHIVDWC
1398,TRTSRGWHTTDLKYN
1403,IYPGCQLKTLW
1428,LIILVPPFF
1445,RLYRRLYRRLYRRLYRKKK
1453,TIKGTVHARGEKAINEKLATG
1475,FMVAPSMGAL
1478,MPYNWVCLHE
1486,EEFFLDRWKR
1487,GEIFVIIMVI
1495,RGLETIFHWY
1499,DSDQQQQFEP
1504,AINPWSPKRS
1505,MKWNTYPIFP
1512,PGCNEISNKLLIKFFATPH
1520,HITSHGKYQIHPFHL
1523,KIAWTPPMLQCTYGDWN
1527,FHMQRNWEGWERGAW
1566,IQDWCISR
1568,DLIVSSPPTIP
1580,PRWYFYYLGTGPHAGA
1581,SPDSEPPLQCLVLICEA
1583,ALRASLGRAPGPN
1586,LSLLGQKSVPY
1589,YIPDGGPDGGDGGDGGSVYL
1594,DNLYHQI
1599,KEEDDYDVM
1606,VLVKRTKTKKLYWTKKY
1633,VERSRKAAQQAD
1637,LLQNKLH
1639,QLYKEQLAKLMATL
1642,GRRKKRADGKQ
1646,GSLMKRPMQRVAG
1647,IKREGDK
1651,NNRCVRA
1656,NVFLSKY
1673,GDMFRAAIK
1685,FYIIGAITLNNLLLR
1697,CGDCGRPEPSSR
1700,VPAGSKLRVVG
1712,LNKMRDLYRFRRVRQFLFGAEN
1713,RLLPVTRSKI
1726,EFTEEEEEKEKLLTYKDIEVQVPIRTRR
1744,DGLVCLLKKPFNRPQGVQPKTGP
1745,QWIPDWGQAR
1753,RLLPAYLTSTGLPMPRRNIKRKWD
1756,VHYREMF
1758,VLEMVPAALSAALTQALTHCP
1761,AGQNHWT
1762,KAARAATAATAAPISSPTTRGK
1772,WKEHLANM
1775,TTSAKACSAMKMSF
1779,AMARAVR
1801,DHHHHHDGE
1823,EHHPAFP
1836,RTGTRDGEDSEQPKK
1847,LYLVVKIMHTQ
1853,SCGSPCAGLC
1857,ISRVIDRSIRP
1869,MANNPKPSN
1883,QKRFAEWG
1886,LNTDCPRC
1893,ADSLYNTPPTFAIYM
1894,RYPQVAFQSSGG
1901,CLRLRQTSLEPV
1911,TLAIASKADTPDG
1920,VRERDALRA
1921,SLYRHEEE
1922,RLVLALAAHFKPGSSRT
1938,TAVEQKYRFFSYGDAM
1941,LDFLSHSRP
1944,ILFQELQIPTT
1973,RGRIGVGHPGH
1976,RLNVSGGNGLK
1978,NITARFNRYRRML
1993,IEKKIAASNEERKKIEELRKRIE
2004,LLATVACLGASPRLKVSKPS
2008,ARAAVPSG
2038,FGLMEYKTPFIAKKLGVSPKAVVRIAQQL
2045,RNLRIWNS
2055,EWQNNKQSKQYI
2057,RFLSQIREKLIQ
2076,QDSFVRYLSLFN
2086,KKAKLVDESVY
2143,QQAQKKGLRSRAWFKLDEIQQS
2145,WFQRFMCNT
2196,RVLHGLGWKVLVCDPVR
2203,IEVVLQVLSISAITTT
2220,AVGALLMDLA
2223,TIPQLRGMY
2248,AGWRETPRPGCT
2253,DWGKFRE
2257,IIVKHNLDSFESASSTIQS
2266,LSQSSLLLEHLLRSWERIPKKTQKSL
2274,QFQRLGVWM
2278,HQKALVRERKRT
2282,AAALEKKNVDLNELLQR
2299,TQAARNALRSL
2313,SRTVDPFIL
2315,PKSAVQRNV
2326,CAYLGAA
2334,YLGRSAKPV
2338,FAVMKGQIAK
2341,TADMLCFVSACKDFC
2358,FSTDWYMTWLANIHS
2366,TYFQQCGG
2373,EWRSILA
2386,QGQLWQVRY
2388,KDQHLNG
2389,LAELAAAARPAAPGPFLPRPPPRHTLASH
2391,HSFPLHPS
2412,NNYLDMLAESLHIHIA
2413,SSYYLHLIEKIRAAR
2414,TNFKSTLP
2430,IPIPQYPLYSAALAEL
2439,LLTERLGKKVQL
2442,EFPPATAR
2446,AYGHPFAATG
2466,TLDTPMNRK
2467,KDTYIAVDHLITALA
2491,TFPDGRSL
2493,PRVSFRDPLVSEGG
2498,RAAKKGKTPFILHDGPPYANGD
2502,NLQNKQSL
2504,FIKRRDSLKDHSYTRH
2505,CSAKLFDS
2514,LAEWNAE
2516,TLSSIARD
2557,SKRKIILWFW
2569,NPRELAAR
2571,LERWTRIRLRAEKLGLP
2576,YTEARQLR
2583,DRFACHYD
2585,IKKRVGTHIRAKRKREELSNVLAAMRKAAA
2586,LEDSVDH
2594,RLVREVAVF
2599,YKYNRRTTKTYHDLKS
2605,QTLKKEL
2607,ELCYLTGL
2624,LFVSFLTLPRADT
2625,IIVLDSKRSNAINIGLTV
2627,TMNLPVATALFTPSWH
2633,DGKVLSAPVAKPWPNKPPKCTDCAP
2648,RPSSPRLAELL
2669,SFLMRLCKN
2674,VETLIIK
2698,CVIQVDNVDTAAVE
2699,QYRDRIQA
2702,HRSVAGG
2717,KKEMLKAASN
2733,NPYYGLFQY
2735,LWETPTLLWEAPRLGLDT
2744,SNGHACRPW
2751,VIVYIVVKDASSK
2753,QGARNYKCCFAWC
2755,DRTHPIT
2763,SEKFCCVY
2783,VWCIRSWKITS
2790,NVEAIKMWWFFLARTDK
2802,HPTIIVAFAGIWSYQCWCPEE
2803,MNARIALAPMFRRRRYN
2810,RFVHNC
2813,FGCKNFFWKTFTSC
2814,IAARIKLRSRQHIKLDHL
2815,GRKKHRQPPQC
2822,ATAPTTRNLLTTPKF
2824,DMELKPANAATRTSR
2831,KQRNRWEWRPDFKSKKVKISLPC
2837,SVSVGTKPRPRP
2844,KKKKKKKKLLLLLLLL
2847,REHLREQSRKPPNPT
2850,RNSYRKSPSRRNR
2859,TPTSPSSPGLSPVPPPDKVDGFSRRSLRRARPRR
2863,ELFSPIAIAVLGSCVL
2868,SRISNRLSSSATRT
2900,RSCCPCYWGGCPWGQNCYPEGCSGPKV
2907,SNKRKNAAMLDMIAQHAIRGCCSDPRCRYRCR
2973,GDCLPHLKRCKADNDCCGKKCKRRGTNAEKRCR
2988,AICTGADRPCAACCPCCPGTSCKAESNGVSYCRKDEP
2995,MPRRRRRASRPIRRRRRARRSTAVRRRRRVVRRRR
3087,LDVKKIICVACKIKPNPACKKICPK
3088,LDVKKIICVACKIRPNPACKKICPK
3111,GFGCPGDAYQCSEHCRALGGGRTGGYCAGPWYLGHPTCTCSF
3209,DLWELAKMILKETGKNPLPSYGAYGCYCGWGG
3252,HCTPNSNHCW
3266,MPKSPSKSSPRKGSPRKASPKRGGKGAKRA
3267,MPRSPSKSSPKKGSPRKASPKRGGKGAKRAGKGGRRRTVVK
3292,DSHEERHHGRHGHHKYGRKFHEKHHSHRGYRSNYLYDN
3300,TRCKGKGAPCRKTMYDCCSGSCGRRGKCG
3303,FLPLLILGSLLMTPPVIQAIHDAQRG
3357,LFECSFSCEQEKEGDKPCKKKKCKGGWKCKFNMCVKV
3366,ARRRHSMKKKRKSVRRRKTRKNQRKRKNSLGRSFKAHGFLKQPPRFRP
3370,SGLLINQPKYSWLKELGL
3377,QRFIHPTYRPPPQPRRPVIMRA
3386,SAPRGCWTKSYPPKPCK
3387,MPEPAKSAPKKGSTRTAAKGGKKRRKSRK
3429,IFECVFSCDIKKEGKPCKPKGEKKCTGGWRCKIKLCLKI
3524,IIECFFSCEIEKDGKSKEGKPCKPKGDKDKDKKCGGWRCKIKMCIKI
3530,AYRKPPFNGSIF
3549,NSVVLGKKQRFHSWG
3572,ATFDIVNQCTFT
3575,NFLEMLKENCKLLWKRQKQKFRIPMPESLCQILKKKKQ
3586,FINTIRLLINKYREWKNKKDS
3588,FLNPFRWVINKYREWKNKKDS
3589,LNPFRWVINKYREWKNKKDS
3667,LPKPPLLPPPVPGLAPGLPPLPVPDPVPHPPKKPP
3670,GKPRPQQVPPRPPHPRL
3815,ARRRRRHASTKLKRRRRRRRHGKKSHK
3822,MPRRRRASRRIRRRRRPRVSRRRRGGRRRRR
3840,MKCGRKRRRRRRHACKRKKRACKQRSSTIVRAHLVHRRRAARRCP
3980,SPCIIIDYLCVTETC
3986,FFECTFECDIKKEGKPCKPKGCKCKDKDNKDHKKCSGGWRCKLKLCLKF
3999,GILKKFMLHRGTKVYKMRTLSKRSH
4074,IFECVFSCDIEKEGKPCKPKGEKKCSGGWKCKIKLCLKI
4121,SLANFLSMTLTAAKRKPKEYDGYGNYCG
4122,CKGKGASCRRTSYDCCTGSCRLGRC
4124,IIECFFSCEIEKDGKSKEGKPCKPKGDKDKDKKCSGGWRCKIKMCLKI
4158,LFHYCQCQCPPGFKGKFCQFKLRPP
4172,ISLAQIKKLLQIIKQGLKAICDNRDLIAKGCQA
4176,NPEHQRYVELFI
4235,LNFKALAALAKKIL
4238,INWKKLGKALNALL
4242,EQWQPQLHR
4272,GCPRILMRCKQDSDCLAGCVCGPNGFCGSP
4277,MPRRRRASRRVRRRRRPRVSRRRRRGGRRRR
4319,KWCFRVCYRGICYRKCR
4374,MPPRRKRVSSAPRRRRRTYRRTTAHKHQDRPVHRRRRRRH
4375,MPPRRKRVSSAPRRRRRTYRRTTAHKHQERPVHRRRRRRH
4382,MSSSHIFIGETIGT
4383,PRRRRRSSRPVRRRRRYRRSTAARRRRRVVRRRR
4415,ARSRSRRSYGRGRRRGGRRRRRRRRRRRGGRRGRRSR
4431,HSQGTFTSDYSKHLDSRYAQEFVQWLMNT
4455,MARYRCCRSPSRSRCRRRRRRFYRRRRRCHRRRRRCCRRRYTRRCKRY
4457,PSPTRRSKSRSKSRSRSRSASAGKAAKRAKSKTAK
4483,INWKKMAATALKMI
4521,HSDAVFTDNYSRFRKQMAVKKYLNSVLT
4551,TATTRRRGRPPGFSPFR
4622,YKQCHKKGGHCFPKEKICIPPSSDFGKMDCRWRWKCCKKGSG
4627,SYSMEHFRWGKPVGKKRRPVKVYPNGAEDESAEAFPLEF
4643,ARRRRRSSRPQRRRRRRRHGRRRRGRR
4645,ARRRRSRRASRPVRRRRPRRVSRRRRARRRR
4710,HSDGIFTDSYSRYRKQMAVQKYLAAVLGRRYRQRVRNK
4735,SCASRCKGHCRARRCGYYVSVLYRGRCYCKCLRC
4786,GLFDIIKKIAESI
4787,QRACPRILKKCRRDSDCPGECICKENGYCG
4839,RRRRRRRRHRRRRGRRGRRSRGRR
4840,RRRRRRRGHRGRRGRGGRRSRGRRRRAA
4841,YRRRRRRGRRGRRRRGRRRRSRGRRRAHGG
4871,AVPQSIDWRDYGAVNEVKNQNPCGSCW
5002,HSDAIFTDNYSRFRKQMAVKKYLNSVLT
5102,AWLVTCP
5108,ILECVFSCDIKKEGKPCKPKGEKKCTGGWRCKIKLCLKI
5145,FLPPCAYKGTC
5286,STRCQGRGASCRKTMYNCCSGSCNRGRCG
5477,LCLSCRGGDYDCRVKGTCENGKCVCGS
6360,LPSIGHYY
6376,FLAKKLAKHLAKKQAES
6379,LNPFRWMINKYREWKNKKN
6380,FLNPFRWVINKYR
6381,INKYREWKNKKN
6526,RAGLKFPVGRVHRLLR
6537,LRKLMLQR
6543,HSQGMFTNDYSKYLEEKRAKEFVEWLKNGESKRQGMS
6544,HSQDTFTNEYNKYLEAKHAQEFVQWLIKSKRRGGLT
6553,IRRYCDPRVCDRECLEKGKYFGRCIRDICKCN
6594,MPTTSHSFHLSPQGK
6603,GIKDYLKKLLQKAINKIKSLRKKQDA
6605,GMKDYFKKLLQKVIKKIKSFRKKQD
6617,TKDPELKQCKKQQKKQQQYDDDDKK
6638,IIGDTINGAITTADNIVGRIGII
6763,EFSPTRKFGGHGDDKKKKK
6770,MKLLILFLAALGAASARIRGHTIKG
6832,AATAATAATAATAATAATAATAATAATAATA
6854,MNAPARAAAKTAADALAAAKKTAADAAAAAAAA
6865,GPSQPTYPGNDAPVEDLRFYYDNLQQYRLNVFRHRY
6890,HSDAVFTDNYSRFRKQMAAKKYLNS
6969,EDDHHHHHHHHHGVGGGGGGGGGG
6987,KPAPEPAPEPAPEAAPEA
6990,KRKCGLCKYRCCSGG
7067,HHDHHAAVGGGGGGGGGA
7068,SNKKDYQKEIVDKHNALRRSVK
7069,SNKKNYQKEIVDKHNALRRSVK
7130,SESNTCG
7131,ILTGKLKCK
7132,ILPNDK
7140,KIITPPIR
7141,NAKPPA
7146,HERLLGP
7148,HGCIGCGR
7150,NAKPP
7154,QWQRPGPEIPP
7232,AATAATPATAATPARA
7276,RGPDAPGPASKRVRTAYTSAQLVELEKEFHFNRYLWRRRRVEMANP
7350,TESLVLSPAPAKPKRA
7374,PASPQKRAASPRRSPKKSPRKSPKKSPRKRSASP
7427,KAEEEVEKNKEEAEEEAEKKIAE
7439,GAVPAAQFSPRL
7471,IYVRPTKDELLYCGEFRELGQPDKKCRC
7494,RSGRGECRRQCLRRHEGQPWETQECMRRCRRRG
7518,GCKKRKARKRPKCKKARKRPKCKRRKVAKKKC
7563,MELSLLLFLALLLGLLLLLF
7638,SYAMEHFRWGKPV
7690,ATSYEKITINKNSRSTLSSVRHIIRKNNYRKDL
7858,SYSMEHFRWGKPV
7899,SKGKKRSGARPGRPQPLRGTKGKRKGARLWYVGGQQF
7932,RADTQTYQPYNKDWIKEKIYVLLRRQAQQAGK
8011,HAGTYTSDVSSYLQDQAAKEFVSWLKTGRGRRD
8016,KGKGFWSWASKATSWLTGPQQPGSPLLKKHR
8022,YFDPFSLDVWDPFQA
8026,DVNWPLGWPVGGYPG
8037,AKEKIHINIVVIGHV
8105,GYEDEDEDRPFYALGLGKRPRTYSFGL
8122,VGFFT
8169,AFLTLTPGSHVDSYVEA
8204,ALVPLRLLLDHAAENG
8207,MAITAAASRLGTEPF
8221,LPLRF
8227,GYRKPPFNGSIF
8280,YKRGGGGWGGGGGWKGGGGGGGGWKGGGGGGKGGGG
8283,ACSAG
8305,YYTVLFGVSRALGLPLERPK
8306,AVSLVLPQLK
8314,EAEPKPFNPVCYEPKEVGPCKAYVP
8316,QIIEANLALRR
8361,RHHRKRIGHTVKQLAKLVKHIHEY
8362,RHHRKRIGHTIKQLAKLVKHIHEY
8375,KPWERL
8456,FSGLGSQNPGLLVLAK
8460,EIQNAGLYAILR
8462,AQVESVCPGVVSC
8531,AAPKATVRWCTISS
8586,SAIWFWMTPQSPK
8596,SCKRECSGSKRQK
8622,ATCSASQLSPCLGAI
8640,NLYQFKNMIQCTVPS
8655,LFFKGEKKL
9224,FRGHDKKDKKIQKK
9302,FHGHTKDSKKNIKK
9316,VRYADENVRTKEAKKK
9428,MAQDIISTISDLVKWIIDTVNKFTKK
9477,MARYRRCRSRSRCRRRRRRCHRRRRRCCRRRRRRRACCRRYRCRRR
9767,MRRQASLPARRRRRVRRTRVVRRRRRVGRRRH
9783,HVVAAITALKERGGSSHQALKKYKAAN
10014,RNRRWCIDQQA
10139,DGDDYKFGHFRWSVPL
10214,MTPMRITVWRERLQQMRPQRKLLKQTQQRRLLHQLQQRKLL
10277,PHWLFFGVSVLC
10332,MAYRGFKTSRVVKHRVRRRWFNHRRRYR
10342,MLHPHQWTLSLHQLPRLSRPRQSHLPAQTPQPRLSYPKTRRQI
10505,NGRRYTTYGCSPPVT
10512,NPNPVPIPLVDIDYL
10513,SGTSPLLPAITFILD
10515,LGTGLGVDQN
10655,TIFLQQQQQQQQQQQ
10665,VLYSPDTKVPR
10687,VTLDVED
10694,LRLDLSNLR
10705,ATSAAQGAALDESVRKVLKP
10714,IINDFTNLVNQVEPLK
10763,VTAKAVAAAEAASSAR
10794,PAVVL
10805,FSGSVNQACSGFGWK
10809,VSGTSYADYLR
10812,WLRMASGLTDYR
10850,RQRRRRIKARRRIKRWRRRRIERRRWIEHATADR
10878,DWTYTTWLWWWWWWT
10887,AEAAAAPAPAAAPA
11745,FNRYLTRRRRIEIAHALCLTERQIKIWFQNRRMKWKK
16332,KLGTHKRAKKKREEMSSVLRKMRSGGGGAADKKK
16385,LRDWLRVVANSKESYKLHYFQINQDEEEEEDED
17428,MARYRCCRSHSRSRCRPRRRRCRRRRRRCCPRRRRVCCRRTPWCRRC
17733,MARYRCCRSKSRSRCRRRRRRCRRRRRRCCRRRRRRCCRRRRYTLRCKRY
19139,MARTKQTARKSTGGKAPRKQLATKAARKSAPSTGGVKKPHPHCGLRWV
19149,MNGAVVRRTQESLGRVIRKPPLTERLLSKPPFRYLHDVIGEVRRRRRRRW
19187,MARTKQTARKSTGGKAPRKQLATKAARKSAPATGGVKKPHRYRFKL
22091,MARYRCCRSRSRSRCRSRRRRSHRRRRRSCRSRRRRCCRRRHR
22423,MPTFSPDLTLSLDVPTNIMNILFNIAKAKNLRAQAAANAHLMAQVGRK
22884,MSEGGTAGRGGYAMAKKKKDKKKSGKKKKK
23232,TPPTMTCHLYALLPGGNTLGVHLPKALKKAR
23955,MAILIHCPCNS
23993,WRLQLLNLSAF
24022,MGWGRKRR
24107,AVIATIAVIFGVTSMDN
24133,AKAKSQKKVEAKGHH
24136,EFKINTKRKIILIIIINIEGGGKKKEKT
24137,SSRTRMRIKKRAQKHSLQKIRT
24388,MAKKALKKAYKKEIALELKKKHKREKKYHEDEEGVQQ
24628,MRIRQLLEEVRIHGLPGSSFTGSRWKILRLCWRRRWWELLLV
25161,MHTSAFSRNRAKQGPLSRKRRSSCPLSGTRSARRSPAFSELPTCCRTA
25648,MKNFRIPKIISISCHSTRTMAAKKAKKSKAKPKKK
25988,DGKEGDEEDEEDEDEDEDEDEDEEPREG
25989,DGKEGDEEDEEDEDEDEDEDEDEEEEPREG
27006,GSRDSGHLTGRAWYRSEDWKPAVIT
27031,KKMPGFFSCLVPACGS
27035,VKGKKQAREDDARVHPKPADGK
27069,GAKPILRTQRARN
27070,FFDRYRSRRVPV
27086,MMNTRAIFCLTFSFLIS
27088,SFQRQRGLRLRRSRPNACK
27169,RHGRPILRRNSRIHLTY
27265,MPSSSTTIISKCT
27290,MELQLQFFQEEGKQLLRLLLLRRGRKRRRRVMKTWVSLFLI
27296,YVHISAFLAWAVI
27324,SGSFARTWGVGY
27325,SRSRSSSPLSSPRSPRGRSRSRTRSISRSLSP
27403,MRRRPGIGGLQSAAVAR
27463,YSLSAAVTFMAFKRLRPKKSRR
27508,MSRSGQPPDLK
27520,WYTYKRPVGSLR
27542,ENGENGDGDEDGN
27588,MFWKLTALSASSP
27634,WKNNAKLQLPA
27643,SGSLHPLPLEPPSPS
28868,MYYCCYVVQMVVVVGMMIKKKKKKKLLVAQQKGMV
29975,CRRRSVDSSLVSAARVKVRRRLLSRKLQRLPVPTRLWMRMCDCL
29986,GTANGTKLSTAVGGCRVDKSHRNQCRACRL
30025,AVDDDDGDDDDEEEDEDEDDEDEDDDDDDL
30602,MLRLALKSMLRLAFLSMLRLALLSRRRAALSSTR
30702,MLKFGIPGFGIPGFGGAVGGGG
30966,MGVVSIFVINQVHYISD
31026,MRMRRLLGLSAQQL
31071,MDIIHLIFIFSFSRARSHLHQQQHHHHRRARHHHYGCERRP
31161,MHANCCKGLNNKVNYLNAARWRRRHRCGRRVR
31450,MENSPEEKPRRRKKRKNSLLDPEDELPTYEGGS
31460,MHWHSTCRGRGNRGRGNRGGRV
31463,MAKIRWTRKKRTK
31581,MRKKTKLSSCSSNEDLFLCPTFKPQTPNRKRKRRKA
31633,MGWTSPKSNNPI
31683,MQNDREANRRIRKR
31690,MATEQEFTRASRVSGRRRRRRDGRN
31911,MRIFKKKVFRPRIGDR
31944,MFQQQRGSLRRNPKHKC
32098,TWLFAWSYMWSIALAADPGSLPSWK
32517,MDRRVYKRGGHKI
32540,MRKRVKKRLRRTIENLMRFKMRLR
32552,MITTAAYIIRSFLLIFMVK
32586,MKKVYRNISPVLLPFAA
32636,VWDLLISLLRFTSRKWLQQR
32740,MRFYSQLDFERI
33462,GRLATAGLATAGLAARKKAQSWCRHRGGF
33485,DQDNAAAAATAATAAAAGPTRKLDI
33553,MLYFTITIVYAPFQPI
33603,MPLKLFQVFLP
34026,EKNKKKDKEESNKKDKNKYNNRNKKKNKSKEEEKQEQEL
34603,YRATRVPGPAYRATRVPGPAYRATRVPGPAH
34772,MFYHFLFSWIWTR
34887,HVIHVFPEIGK
34893,LVMRRRLGEGQGQDGQQQQRQQQQPARQSCCLEI
35078,MRPSTTRTPNNNRAKTTKTQLSQRPKMRPTPKRSKKNTTKN
35146,KRPRMKGRFVKRSSIAAAH
35163,MWRKMRKKKRLFTEVKKRKSKETNDNHEEEDEK
35324,EEEEEIDIDLSAPETEKAALAIQGKFRRFQKRKKE
35368,KGKERKGKERKGKERKGKERKGKERKGKERKGKERKGKERKGKEKR
35502,VSRDTPPGAKVGSIAARKTGRARIKERK
35530,AKPAKKTTKKEAKPAKEKKLTKKRN
35565,MKGCRLQSRRSGEDEGSGRAWRRSPVPGIPRRPRWRGRGRRRRPPAPAR
35939,MAINNARKMRVLLRRTKKKKKKKKRENAINKQTIFRKVRIFRLENEII
36202,YLKHNAIRLSISKALLIFHCKFKKPKG
36461,MTGLAEHLNYDREVVRVWFCNKRQALKNTIKKLKSGSQ
36491,MLHSGMIILSGYQHLVKMRKKKKKKKKIKKKKKKKKKKLLR
37326,MRPFQLDLLFLCFFLFSQ
37372,RNSSLPQAKYYSRHGGLRR
37536,MTFHARPRPKVQHWPKPKRPVWVSKPKAKP
38218,NGNCLAKVLLIKNFGKKLLI
38771,MLARKRKQSKHLNKTVAANRRKRKMANNKKKVIWRHRAFMQLLSS
38960,MLAKKRNQAKHLNKTVAANRRRRMMANNKKKVIWRHRSFMQLLSS
39655,CQGWAMAPRSWSRSCSWYRGCWCSTGWPLCQIRT
39721,KGKERKGKERKGKERKGKERKGKERKGKERKGKERKGKERKGKERR
39847,GNQRERARQKNLKKQSDSGKGKRRDDGLSAAARKQ
40194,GKERRGKERRGKERRGKERRGKERRGKERRGKERRGKERRGKERRGKERR
40420,GKRPRGKGPRGKGPRGKGPRGKGPRGKGPRGKGPRGKGPRGK
40677,SHLERHRRVHTGEKPYECPECGEAFSQSSHLTKHRR
40825,LAKHRRAHGAEKPFPCPRCGRRFGISSHLKRHLRSH
41607,GSPPYKCPICLEYCPSLSAMQKHMKGHKPEEIPTDWRIEKTYLYLCYV
42036,AAEAVEGASLALEGIDHVHGRDRLPLGVLGVRDGVADHVLQEDLQHAARL
42224,KPKIRKKPPRKPKSNHVFQVSKVCRAHGLELMPCKAPQPRFLHLKCKTG
42511,GGGGWWQRIYIKIKGEEGRNSERERARSWLRSETVTFR
42777,RRGAERRGAERRGAERRGAERRGAERRGAERRGAERRGAERRGAERR
43145,KKKTKPTKPNQTQGGERSTGECSLEFKPYAPIPFLRPTFCDA
43529,KERKGKERKGKERKGKERKGKERKGKERKGKERKGKERKGKERR
45001,PKGKERRGKERKGKERRGKERKGKERRGKERKGKERRGKERKGKERR
45222,MRGVQAQLLGELHVLPDLHVLPDLLALLDLLALLDLLALLDL
45406,MIKKRRKRMAKKKHRKLLRKTRHQRRNKK
45491,MWSNLGIGLAISLSVVGA
45581,MHILFCLS
46034,KDKLSLRKRLFKAALNIDYLKKLLNI
46223,MYGYGHSQLGRGLGGQLPRRGLRRPLWRHGWARRK
46294,MSTAPRDEPARRRRPGRKYTSRACETCRQRRAKVRW
47630,MMSLAIPNIQLIV
47873,MALSSGSITWFYAQAE
48046,MFPSTRRHRSHRVWRSGPER
48259,MSKFLNLERRQQRGR
48540,MSHNHRNSLIDCSRMHT
49076,MVLHVNLKSMPMS
49338,MQGTLLAVWNSSQICY
