unused_idx,sequence,pool_prob
6969,DGKLYKMTHFRWSEGS,0.99761
558,RSKRTLGLGSLYGENDLLGL,0.996411
46012,AMKSLDIMLSHGTTT,0.9833821
241,DSHAKRHHGYKIKFHENHHSHRGY,0.9794709
609,GKPRFVHTLNGSGT,0.9778312
1580,AMAKLYQRINPHI,0.97727937
34893,YPHLHNAELSKTLGK,0.9759973
1901,NPRWEFRGKFVGVR,0.9746496
10655,FLIQMYMHSGLHDM,0.9743782
1801,RYDWWPYGNLFGGHTFISP,0.9737466
27579,RSLDASPSSAFSGNHSLS,0.9714128
2831,LETPAPQVPARRLLPP,0.9703166
45997,AALAFKIMTDPYVGKLTFFRV,0.9699294
8105,EPCTVGHRRYFTFGG,0.96959573
10014,RISLIQDMRHIQN,0.96764356
4242,DGTVKQLQLILAVIK,0.966393
1697,TEEQQKWVSRLVKKI,0.96534556
42301,RRAFLLASDEEVA,0.96414506
5128,KCQHRTPWKSFHKMFCQ,0.9636234
1889,KPKKRTIRPTSVTSNQNNKKDTRAAPRRELLE,0.9620209
7075,HYSWYRDFRRYGSVPHAGF,0.9612433
3963,PTLRNKFKMPTRIQNG,0.96045876
2599,AAGLAMLFLGILSAAGSTMGARA,0.9603981
8280,KWKSFIKKLTSKFLHSADKF,0.95973366
27240,VAKALAKALLKALKAL,0.95936954
37372,CAKLAKFCVSQGLE,0.95934737
2413,RVIASSDLVWP,0.9587989
10277,EQTNMRKHMGM,0.9579711
24088,GAGLLGGPVRFVLAGSGHIAG,0.95743006
27324,TILVHSAWAKE,0.9564463
1246,QMRRKVELFTYMRFD,0.9555212
42928,NNNNNNNNDNDNNNN,0.95527536
2770,QYPLGQGSFRPS,0.9549252
29956,IWRTCQDWWEIFEGW,0.95459956
10632,DSNPRPSKSPRHGSHG,0.9543539
4622,KSVFQPLRDSG,0.9542974
1163,LYKLVKVVLNM,0.95408595
415,AWQCYKCRQDICWQSSKIN,0.9540199
32540,CQTRYNLAPNAWAKV,0.9534995
1355,FKAPYNIHWHCKPGLLC,0.95332766
27591,KAAKKASRVAAEGIVESYIHGNGRIGVLVE,0.95252216
45998,VRANRHMRLWNLFYSGKM,0.95224744
3348,TAQVFFNVYKKAKPN,0.9515948
27031,WESFSSVVPRTDWGLFFKG,0.9513748
326,AITFYPFAPNQITCIHE,0.9513012
6539,KKLRLPASMIID,0.9512644
7146,HRIALNLREQGR,0.95111865
39611,WKSMFGSLDPPNMPQA,0.951081
1527,KADFEQRSRLQIIPA,0.95097667
691,ARFSNPGVWSKVAADIFNMALDTALA,0.9496149
4271,ECCHRQLLCCLRFV,0.949508
2542,NRSYSRRWQNPLPRRQHPDQI,0.94932127
3081,KRTNVIEHPLFNKG,0.9487816
1024,EMAERSGRKIP,0.94827664
8311,KRETIHHEIKQTVSSHNLK,0.94776833
2248,LETFICSAFAACFAE,0.9469964
31460,YIKRYFEFYEGPFEYNST,0.94697493
2047,IKQIIQRITWVNP,0.94684297
8436,SMGAVKLAKLLIDKMKCEVTKAC,0.946833
2386,VLQLQQEKRQLRQE,0.94682676
2299,QNARPNTIGKYLASIVM,0.9467187
10657,GSIAGLEGGSQLALRR,0.945905
27231,DTHISEKIIDCNDIG,0.9458083
27424,EVQLNKLFIPTQ,0.94575244
107,IMFKCWYNTKK,0.94558275
1814,ESHINQKWVCK,0.94542855
917,KKAVRRQEAVDAL,0.945238
45996,SPMQRSSMVRF,0.94516975
2794,KSSASSSVSAAP,0.94491845
1516,CPAEFKAVMM,0.9449051
3080,KCWIEEYFALKQPE,0.9442385
1792,CAQAEYSRIWYDTLIE,0.94400275
2839,HITSHGKYQIHPFHL,0.9438022
24135,KIAWTPPMLQCTYGDWN,0.9437302
2055,FHMQRNWEGWERGAW,0.94330406
1685,NHKNFNKQAYPLWKNQV,0.9427883
6529,CTWLGARMRWQNDQKND,0.9424733
827,LFTIGKELGT,0.9410578
10629,PRWYFYYLGTGPHAGA,0.9409561
114,LSLLGQKSVPY,0.9408349
1883,PTAKGQALAD,0.9407862
8432,GDMFRAAIK,0.94065017
1586,FYIIGAITLNNLLLR,0.94004995
283,CGDCGRPEPSSR,0.939575
39655,VISANIRTTISGMDDSGGTGSRQKFRKLRKIERE,0.9394838
7204,VLEMVPAALSAALTQALTHCP,0.9388358
24036,GFLFGAPVALGLGVGFVPVRKPRKLPRETI,0.9383217
27061,DHHHHHDGE,0.9378432
4832,DIQFRNLPCL,0.9377836
10505,RTGTRDGEDSEQPKK,0.9376971
10622,ISRVIDRSIRP,0.93761283
4516,QKRFAEWG,0.93751544
10812,KKALLRALLEPTETLRKLEQNGDYTARLALL,0.9373387
4515,CLRLRQTSLEPV,0.93699676
2358,RLVLALAAHFKPGSSRT,0.9367425
2612,ISVYRDKLVKCGGISL,0.93588907
1509,KDGGRHALPRMIIFTDV,0.9354218
9428,RGRIGVGHPGH,0.9341286
7564,ARAAVPSG,0.9340693
1724,SGIQFRRLNASKGAAVRATR,0.9339547
4656,EWQNNKQSKQYI,0.93392533
356,KAPTGTNCFLLRAPKSRE,0.93391263
937,QDSFVRYLSLFN,0.9338668
27193,PNMFNTRQVGKTLIN,0.9335454
671,IGEKRFKTFLNEFILAK,0.93325883
27654,WFQRFMCNT,0.93320453
27066,AGWRETPRPGCT,0.9320797
32636,DSIGPSLSPET,0.9314025
544,KGISEIIS,0.93125516
4965,TQAARNALRSL,0.9302689
8553,SSPNTPGLRTLQY,0.93010217
1094,FSTDWYMTWLANIHS,0.9300355
841,SLAERWGLV,0.92979586
7067,QGQLWQVRY,0.9297105
3670,HSFPLHPS,0.9296961
2131,SSYYLHLIEKIRAAR,0.9295494
27244,KNLNDNYGITKQQ,0.9295379
2478,GKLLGYAIHQQIENER,0.92881215
193,GQIMLNSLHK,0.9287206
163,FIKRRDSLKDHSYTRH,0.92792714
33039,CSAKLFDS,0.92741615
3370,KILNSRERVPFL,0.9273838
309,YKYNRRTTKTYHDLKS,0.92724943
1932,PKRQLHKYEHLADLTEAHADEMAALSDKQLQ,0.92697257
2799,GGTAGGWSNLDADPTETWMATNGSASSAQLS,0.9268177
2828,RQLRRRTRKEVRAVSMSNLRTLVFYATPEHPCS,0.92617303
10547,HRSVAGG,0.92560875
256,QIFWDSRHPSQH,0.9254923
2907,VQQLQWYQNNLVENF,0.92521286
2665,QGARNYKCCFAWC,0.92503434
2076,TTWCLHRMGSCHV,0.9249031
7196,FQAYPCITAYKVMYID,0.9247469
10559,HGLNIHYVFLWHI,0.9239319
4517,NVEAIKMWWFFLARTDK,0.92389286
92,EMMSRTKMWITQKYSTFF,0.92386615
1528,TGRWGEDCEDQNSARLMVP,0.9237997
775,IAARIKLRSRQHIKLDHL,0.92342013
35997,QRRNQLHDLRFADID,0.9230609
697,KQRNRWEWRPDFKSKKVKISLPC,0.9230509
3611,KPPCRGCSSYLME,0.9226624
8122,GGTSSSDAQQSLQSFWPRVM,0.9224477
2008,KRNGCCNCSSKWCRDHSRCCGR,0.9223119
4747,SNKRKNAAMLDMIAQHAIRGCCSDPRCRYRCR,0.92186356
3864,GKPNRPRPAPIQPRPPHPRL,0.9213352
3190,GKPSRPRPAPIQPRPPHPRL,0.9212635
1018,ASCKCDDDGPDVRSATFTGTVDFWNCNEGWEKCTAVYTPVASCCRKKK,0.9211327
10793,NLFQFARMINGKLGAFSV,0.92084044
1973,NLLQFGYMIRCANGRSRPVW,0.9205044
1059,HCTPNSNHCW,0.9200966
27425,QHWSLCHAPG,0.919757
1248,SGLLINQPKYSWLKELGL,0.919277
2814,RWKVFKKIEKMGRNIRDGVIKAAPAIEVLGQAK,0.91911584
536,APANSVWS,0.9191
1857,GNYYGYCRVHLNTAY,0.91851604
27542,YKQCHKKGGHCFPKEVLICIPPSSDFGKMDCRWKRKCCKKRS,0.91831577
44,NSVVLGKKQRFHSWG,0.91819173
3914,GTQTNAPWGLARLIS,0.91809404
7154,IWLTALKFLGKNLGKHLAKQQLAKL,0.9176655
8435,GKPRPQQVPPRPPHPRL,0.91764605
3437,GIGALSAKGALKGLAKGLAEHFAN,0.91754115
162,NSATTAVYSFQDWVSA,0.91722095
27418,HSDAVFTDNYSRIRKQMAVKKYINSLLA,0.9169383
78,DDKRRQI,0.9166333
14,QSAPGNEAIPP,0.9163166
2779,GLCCPMRWSSSEG,0.91600335
10854,GCRQCGGGCNKHGKCINGKCKCY,0.9159544
3801,SIVLRGKAPFR,0.9159241
7205,EQWQPQLHR,0.9152997
2504,YKRCHKKGGHCFPKEKICTPPSSDFGKMDCRWKWKCCKKGSVN,0.9146964
49246,GWTLNSAGYLLGPHAIDNHRSFHDKHGLA,0.9146904
31911,QLHVNKARRVYIL,0.9146751
1836,GWTLNSAGYLLGPHGIDGHRTLSDKHGLA,0.91443855
2702,GWTLNSAGYLLGPHAVDNHRSLNDKHGLA,0.914203
1285,GWTLNSAGYLLGPHAIDNHRSFNEKHGIA,0.9141288
754,GWTLNSAGYLLGPHAIDNHRSFNDKHGLA,0.91352016
3621,YKQCHKKGGHCFPKEKICIPPSSDFGKMDCRWRWKCCKKGSG,0.91340524
1333,RIKIGLFDQLSRL,0.9130095
525,GMYTHEGSDP,0.91291314
800,VSTAPYGAWQSPID,0.91288215
1922,NYIYSGHNYHQ,0.9125253
1048,NLYQFKEMIRYTIP,0.91233426
1758,TPLWSLMQDLMM,0.91198653
10722,AWLVTCP,0.9118457
8296,DINGGGATLPQKLYQTSGVLT,0.9116942
34064,YQKSSPGSNITT,0.91142875
2790,GPQQQHRL,0.9112981
1520,AELTSCFPVG,0.91108406
3839,GKFLHSAGKFGKAFLGEVMIG,0.9110783
10574,LRHKVYGYCVLGP,0.91100156
3413,EDDHHHHHHHHHGVGGGGGGGGGG,0.910927
10139,HHDHHAAVGGGGGGGGGA,0.9108354
150,RCLFWSVCP,0.9108289
591,HERLLGP,0.9107844
1261,HGCIGCGR,0.9106696
2461,QWQRPGPEIPP,0.9102645
41476,NLDTPYCFYSGDYGG,0.91014636
2272,CDLAMGNCICK,0.91007966
7563,ESNFKIGMAIR,0.90996933
1482,PQISRQEYGGLFGPT,0.90994966
3376,AIKVFHIVAETGIHARPAT,0.90977556
10785,MELSLLLFLALLLGLLLLLF,0.9096489
3945,DSGSSRDPGASSGGC,0.9096354
8043,PNIQTKIIEQIWKEHIFQGTVVK,0.9095254
2743,NAIFSKKNFETLSEAFSVFQTLKYLAILGGVTFLAG,0.90929145
7992,KYPLEKFQNIG,0.90915364
4970,GYEDEDEDRPFYALGLGKRPRTYSFGL,0.90912914
7461,VGFFT,0.9088184
23971,TDPLWQLPGAHLEQYLS,0.908769
27351,RGSNLTIHPLRNTNDIDY,0.90871555
1531,YKRGGGGWGGGGGWKGGGGGGGGWKGGGGGGKGGGG,0.9083527
4068,CSKGGVGRGYGIG,0.9082928
8434,RLSKKPGKVKE,0.9077946
668,SQISLRGSNLTI,0.90770674
8170,RGSNLTIHPLRNIIDLFYVG,0.9075052
2753,RGSNLTHPLRNI,0.9074437
1104,SQISLRGS,0.90735865
1373,RGSNLTHPLRNIRDLFYVG,0.90700233
2658,FSGLGSQNPGLLVLAK,0.90694904
2505,KDALEHTGFAPK,0.9068967
1523,ATFFDPQPRLLAD,0.9068332
35,ATCSASQLSPCLGAI,0.90655005
740,QGIGVGDNDGKRGKR,0.90636235
6561,MAQDIISTISDLVKWIIDTVNKFTKK,0.90632665
32098,RNRRWCIDQQA,0.90619886
2314,DGDDYKFGHFRWSVPL,0.9061039
46703,PHWLFFGVSVLC,0.90597516
27098,SGHTKIKVAVDT,0.90590894
3252,NGRRYTTYGCSPPVT,0.905903
8456,IWVGISYKIHSLYFQ,0.9058355
5102,STRTPEFLGLDNQCGVWA,0.9052172
10765,AVREYHWFVE,0.9051963
2391,APLTNEYLNHLCHKC,0.90486324
3549,SKSLFYQKQYDNINE,0.9048251
1367,ATQRLPPLSTEPNR,0.904708
2145,EQQQQQQPQNRRFRE,0.9046835
10805,TIFLQQQQQQQQQQQ,0.9046075
3185,GGCDGDRQDM,0.90453607
8433,SLSIMEPIR,0.9043886
7335,ADLFLR,0.9043069
6549,NSTMNSLLQLGR,0.90428334
2065,GDAAAQPEK,0.9042281
4434,GSTTAESAALR,0.9037205
32,FSGSVNQACSGFGWK,0.9036439
139,WLRMASGLTDYR,0.90353835
8241,TSSGCPNFESLVR,0.90340865
24176,MAAFGVSGV,0.90337
36137,ATIFPGDFSRALYPFL,0.9032957
24077,VQLVRIQLRVPEY,0.90285456
1227,SMQYFSQIHHLHE,0.90271825
1117,QIQYYNRLSESFKGV,0.9026545
7148,IKARLIDKIRLNQII,0.9022266
8677,PGLLDGAEDLRIFLPLFW,0.9020721
466,KKMPGFFSCLVPACGS,0.90205353
1578,ICWRTRSHFSYFVTRWMDED,0.90184367
3965,EGYRYGYILHSHAHFDS,0.9017852
1940,KNHRACRWCADEIHLHVRVIK,0.9015768
49469,KKIGANISHGAC,0.9015091
2777,DHWKKPFYDC,0.9013661
6608,STPRGCFSCFCPLIRQ,0.90120065
2746,RQHRNNLASSVLCVA,0.9011363
30019,SGSFARTWGVGY,0.9010359
2138,GGKSTLENCQVLQV,0.90100116
10471,TRRSFLSYFNCCVKA,0.9009284
27377,ADQSSKTILRRL,0.900928
27634,KNYCDTWSGKRGKGGQWG,0.9003417
47724,EQPVIKLIESFIGW,0.90024364
46695,ENGENGDGDEDGN,0.90005666
2367,WIAFYKFELVCF,0.8999999
138,RQASSIFCGYVKI,0.89960146
774,WKNNAKLQLPA,0.8994769
26970,FQRKERFTR,0.8992094
4430,WSAWSSLSRCLPRDCGLTRYRWRRRRCLNSTSR,0.8992054
2875,CAPRGCQWFKSLRCCRMPMNSIRTSTKRWSAGPATMSNCLR,0.8991858
907,MHWHSTCRGRGNRGRGNRGGRV,0.8989622
4518,MRIFKKKVFRPRIGDR,0.898791
71,TWLFAWSYMWSIALAADPGSLPSWK,0.8983984
43487,MRKRVKKRLRRTIENLMRFKMRLR,0.89839804
170,VWDLLISLLRFTSRKWLQQR,0.8983464
7689,MIILFWRRLSSRFSSAERTRSVLL,0.8983141
324,MPAAIWKGSRKILNLKLIPIKPLKMLMRLPLLLNGTCIKNWIMRRFSKP,0.8981166
717,AKCRRRGKAVVESDSTDNGRCNV,0.8981098
2443,LVMRRRLGEGQGQDGQQQQRQQQQPARQSCCLEI,0.8980902
1359,MLLRLFLTLELALMLKKNTGTRLSTWLFKEITPQWSNC,0.89799225
1595,AGAIISWNATCNWGNLGTPVTRFVLKFLTLAS,0.89771384
90,RNSSLPQAKYYSRHGGLRR,0.89759505
8488,GRIYLAGMSKINLNNFKKKKKEWLSPYRKNWSFYTWIINILTR,0.8972508
4740,CQGWAMAPRSWSRSCSWYRGCWCSTGWPLCQIRT,0.89655894
481,CQGWAVAPKSWSRSWCWCRGCWCSMGWPLCPARTMCQGS,0.8963436
1673,RGPVLALALLFLLIAAHGGKGEGNTVKLCGRDFVRAVVFTCGGSRWRR,0.89617574
32716,WLMLAVALALLVAVGAQETRYQKFLRQHVDYPMTSGLAGARYCNVLLMRR,0.8960867
2265,KASRLPFINAAFLLLGAGSLNWKLFKTGISVKNAWSKIN,0.8955207
1266,RKECLFSFKNEGFFEI,0.8949785
678,KPILCDIHMLIIR,0.8947059
10790,AFSFGHILSINICS,0.894698
8622,EKKHCYFYFI,0.8943616
3403,MAMLAQQMQLANAMMPGA,0.894334
3119,KLRSLENQLYTCLQQEP,0.8940462
10596,MSEVRGSAYLK,0.8927845
131,MALIHGRVSPGAGT,0.8927533
2906,MSEVRGSVYLK,0.89258754
